trash_size,types,img_name
CAR NEEDED,['CONSTRUCTION'],img_0_0.jpg
CAR NEEDED,['ORGANIC'],img_0_1.jpg
CAR NEEDED,['HOUSEHOLD'],img_0_2.jpg
FITS IN A WHEELBARROW,"['PLASTIC', 'ORGANIC']",img_0_3.jpg
CAR NEEDED,['HOUSEHOLD'],img_0_4.jpg
FITS IN A WHEELBARROW,['ORGANIC'],img_0_5.jpg
FITS IN A BAG,['HOUSEHOLD'],img_0_6.jpg
FITS IN A BAG,['HOUSEHOLD'],img_0_7.jpg
FITS IN A WHEELBARROW,['HOUSEHOLD'],img_0_8.jpg
FITS IN A WHEELBARROW,['PLASTIC'],img_0_9.jpg
FITS IN A BAG,['HOUSEHOLD'],img_1_0.jpg
FITS IN A WHEELBARROW,['ORGANIC'],img_1_1.jpg
CAR NEEDED,"['PLASTIC', 'METAL']",img_1_2.jpg
CAR NEEDED,['PLASTIC'],img_1_3.jpg
FITS IN A BAG,['HOUSEHOLD'],img_1_4.jpg
FITS IN A WHEELBARROW,"['PLASTIC', 'HOUSEHOLD', 'METAL', 'CONSTRUCTION', 'GLASS']",img_1_5.jpg
FITS IN A WHEELBARROW,"['PLASTIC', 'HOUSEHOLD']",img_1_6.jpg
FITS IN A BAG,['PLASTIC'],img_1_7.jpg
CAR NEEDED,['CONSTRUCTION'],img_1_8.jpg
CAR NEEDED,"['PLASTIC', 'HOUSEHOLD', 'AUTOMOTIVE', 'DANGEROUS', 'ELECTRONIC', 'GLASS']",img_1_9.jpg
FITS IN A WHEELBARROW,['PLASTIC'],img_2_0.jpg
CAR NEEDED,['CONSTRUCTION'],img_2_1.jpg
FITS IN A WHEELBARROW,['PLASTIC'],img_2_2.jpg
FITS IN A WHEELBARROW,"['PLASTIC', 'METAL']",img_2_3.jpg
CAR NEEDED,"['PLASTIC', 'DANGEROUS', 'METAL']",img_2_4.jpg
FITS IN A WHEELBARROW,"['PLASTIC', 'CONSTRUCTION', 'GLASS']",img_2_5.jpg
FITS IN A WHEELBARROW,['PLASTIC'],img_2_6.jpg
FITS IN A WHEELBARROW,['PLASTIC'],img_2_7.jpg
CAR NEEDED,"['PLASTIC', 'METAL']",img_2_8.jpg
FITS IN A WHEELBARROW,['PLASTIC'],img_2_9.jpg
CAR NEEDED,"['PLASTIC', 'METAL']",img_3_0.jpg
CAR NEEDED,"['PLASTIC', 'HOUSEHOLD', 'AUTOMOTIVE', 'LIQUID', 'DANGEROUS', 'METAL']",img_3_1.jpg
FITS IN A WHEELBARROW,['PLASTIC'],img_3_2.jpg
CAR NEEDED,['PLASTIC'],img_3_3.jpg
CAR NEEDED,['PLASTIC'],img_3_4.jpg
FITS IN A WHEELBARROW,['PLASTIC'],img_3_5.jpg
FITS IN A BAG,['PLASTIC'],img_3_6.jpg
FITS IN A WHEELBARROW,['PLASTIC'],img_3_7.jpg
FITS IN A WHEELBARROW,['PLASTIC'],img_3_8.jpg
FITS IN A BAG,['PLASTIC'],img_3_9.jpg
FITS IN A BAG,"['PLASTIC', 'CONSTRUCTION']",img_4_0.jpg
CAR NEEDED,"['PLASTIC', 'METAL', 'GLASS']",img_4_1.jpg
FITS IN A BAG,['PLASTIC'],img_4_2.jpg
FITS IN A BAG,['PLASTIC'],img_4_3.jpg
FITS IN A BAG,['PLASTIC'],img_4_4.jpg
FITS IN A BAG,['PLASTIC'],img_4_5.jpg
CAR NEEDED,['PLASTIC'],img_4_6.jpg
FITS IN A WHEELBARROW,['PLASTIC'],img_4_7.jpg
FITS IN A WHEELBARROW,['PLASTIC'],img_4_8.jpg
FITS IN A WHEELBARROW,['METAL'],img_4_9.jpg
FITS IN A BAG,['PLASTIC'],img_5_0.jpg
CAR NEEDED,"['PLASTIC', 'METAL']",img_5_1.jpg
FITS IN A WHEELBARROW,['PLASTIC'],img_5_2.jpg
FITS IN A WHEELBARROW,['PLASTIC'],img_5_3.jpg
FITS IN A WHEELBARROW,['PLASTIC'],img_5_4.jpg
FITS IN A WHEELBARROW,"['PLASTIC', 'METAL', 'CONSTRUCTION']",img_5_5.jpg
FITS IN A WHEELBARROW,"['PLASTIC', 'HOUSEHOLD', 'METAL', 'CONSTRUCTION', 'GLASS']",img_5_6.jpg
CAR NEEDED,"['PLASTIC', 'AUTOMOTIVE', 'CONSTRUCTION']",img_5_7.jpg
CAR NEEDED,"['HOUSEHOLD', 'CONSTRUCTION']",img_5_8.jpg
CAR NEEDED,"['PLASTIC', 'HOUSEHOLD', 'METAL', 'GLASS']",img_5_9.jpg
FITS IN A BAG,"['PLASTIC', 'HOUSEHOLD', 'ORGANIC']",img_6_0.jpg
CAR NEEDED,"['PLASTIC', 'HOUSEHOLD', 'AUTOMOTIVE', 'METAL', 'CONSTRUCTION', 'GLASS']",img_6_1.jpg
FITS IN A WHEELBARROW,"['PLASTIC', 'HOUSEHOLD', 'METAL', 'ORGANIC', 'GLASS']",img_6_2.jpg
FITS IN A WHEELBARROW,"['PLASTIC', 'HOUSEHOLD', 'METAL', 'ORGANIC', 'GLASS']",img_6_3.jpg
CAR NEEDED,['ORGANIC'],img_6_4.jpg
CAR NEEDED,['CONSTRUCTION'],img_6_5.jpg
CAR NEEDED,"['PLASTIC', 'HOUSEHOLD', 'METAL', 'CONSTRUCTION', 'GLASS']",img_6_6.jpg
FITS IN A WHEELBARROW,"['PLASTIC', 'HOUSEHOLD', 'CONSTRUCTION', 'GLASS']",img_6_7.jpg
CAR NEEDED,"['HOUSEHOLD', 'CONSTRUCTION']",img_6_8.jpg
CAR NEEDED,['AUTOMOTIVE'],img_6_9.jpg
CAR NEEDED,['AUTOMOTIVE'],img_7_0.jpg
FITS IN A BAG,['HOUSEHOLD'],img_7_1.jpg
FITS IN A BAG,"['PLASTIC', 'HOUSEHOLD']",img_7_2.jpg
FITS IN A WHEELBARROW,"['HOUSEHOLD', 'METAL']",img_7_3.jpg
CAR NEEDED,['CONSTRUCTION'],img_7_4.jpg
CAR NEEDED,['CONSTRUCTION'],img_7_5.jpg
CAR NEEDED,['CONSTRUCTION'],img_7_6.jpg
CAR NEEDED,['CONSTRUCTION'],img_7_7.jpg
CAR NEEDED,['CONSTRUCTION'],img_7_8.jpg
CAR NEEDED,['CONSTRUCTION'],img_7_9.jpg
CAR NEEDED,['CONSTRUCTION'],img_8_0.jpg
CAR NEEDED,['CONSTRUCTION'],img_8_1.jpg
CAR NEEDED,['CONSTRUCTION'],img_8_2.jpg
FITS IN A WHEELBARROW,['CONSTRUCTION'],img_8_3.jpg
CAR NEEDED,['HOUSEHOLD'],img_8_4.jpg
FITS IN A WHEELBARROW,"['HOUSEHOLD', 'ELECTRONIC']",img_8_5.jpg
CAR NEEDED,"['PLASTIC', 'HOUSEHOLD', 'DANGEROUS', 'METAL', 'ELECTRONIC', 'CONSTRUCTION']",img_8_6.jpg
FITS IN A BAG,['HOUSEHOLD'],img_8_7.jpg
FITS IN A BAG,['HOUSEHOLD'],img_8_8.jpg
FITS IN A WHEELBARROW,['HOUSEHOLD'],img_8_9.jpg
CAR NEEDED,"['PLASTIC', 'HOUSEHOLD', 'METAL', 'GLASS']",img_9_0.jpg
FITS IN A BAG,"['PLASTIC', 'HOUSEHOLD', 'GLASS']",img_9_1.jpg
CAR NEEDED,"['PLASTIC', 'HOUSEHOLD', 'METAL', 'GLASS']",img_9_2.jpg
CAR NEEDED,['CONSTRUCTION'],img_9_3.jpg
FITS IN A WHEELBARROW,"['PLASTIC', 'HOUSEHOLD', 'METAL']",img_9_4.jpg
FITS IN A WHEELBARROW,['PLASTIC'],img_9_5.jpg
CAR NEEDED,"['HOUSEHOLD', 'CONSTRUCTION']",img_9_6.jpg
FITS IN A WHEELBARROW,"['PLASTIC', 'HOUSEHOLD']",img_9_7.jpg
FITS IN A WHEELBARROW,"['PLASTIC', 'HOUSEHOLD']",img_9_8.jpg
CAR NEEDED,['CONSTRUCTION'],img_9_9.jpg
FITS IN A BAG,['HOUSEHOLD'],img_10_0.jpg
CAR NEEDED,"['PLASTIC', 'HOUSEHOLD', 'CONSTRUCTION']",img_10_1.jpg
FITS IN A BAG,"['PLASTIC', 'GLASS']",img_10_2.jpg
CAR NEEDED,"['HOUSEHOLD', 'CONSTRUCTION']",img_10_3.jpg
CAR NEEDED,['CONSTRUCTION'],img_10_4.jpg
CAR NEEDED,['PLASTIC'],img_10_5.jpg
CAR NEEDED,"['PLASTIC', 'CONSTRUCTION']",img_10_6.jpg
CAR NEEDED,['CONSTRUCTION'],img_10_7.jpg
FITS IN A WHEELBARROW,['HOUSEHOLD'],img_10_8.jpg
FITS IN A WHEELBARROW,['HOUSEHOLD'],img_10_9.jpg
FITS IN A WHEELBARROW,"['PLASTIC', 'HOUSEHOLD', 'METAL', 'ORGANIC']",img_11_0.jpg
CAR NEEDED,['HOUSEHOLD'],img_11_1.jpg
FITS IN A WHEELBARROW,['ORGANIC'],img_11_2.jpg
CAR NEEDED,['HOUSEHOLD'],img_11_3.jpg
CAR NEEDED,['CONSTRUCTION'],img_11_4.jpg
CAR NEEDED,"['PLASTIC', 'HOUSEHOLD', 'ORGANIC']",img_11_5.jpg
CAR NEEDED,"['PLASTIC', 'METAL', 'ELECTRONIC', 'ORGANIC', 'GLASS']",img_11_6.jpg
CAR NEEDED,"['HOUSEHOLD', 'ELECTRONIC']",img_11_7.jpg
CAR NEEDED,"['PLASTIC', 'METAL']",img_11_8.jpg
CAR NEEDED,"['PLASTIC', 'HOUSEHOLD', 'ELECTRONIC', 'ORGANIC', 'CONSTRUCTION']",img_11_9.jpg
FITS IN A BAG,['PLASTIC'],img_12_0.jpg
FITS IN A WHEELBARROW,['PLASTIC'],img_12_1.jpg
CAR NEEDED,"['PLASTIC', 'HOUSEHOLD', 'ORGANIC', 'GLASS']",img_12_2.jpg
FITS IN A WHEELBARROW,['PLASTIC'],img_12_3.jpg
CAR NEEDED,"['PLASTIC', 'HOUSEHOLD', 'METAL', 'ORGANIC', 'GLASS']",img_12_4.jpg
FITS IN A BAG,"['PLASTIC', 'HOUSEHOLD']",img_12_5.jpg
FITS IN A BAG,['METAL'],img_12_6.jpg
CAR NEEDED,"['PLASTIC', 'HOUSEHOLD', 'LIQUID', 'METAL', 'ORGANIC', 'GLASS']",img_12_7.jpg
FITS IN A WHEELBARROW,['PLASTIC'],img_12_8.jpg
CAR NEEDED,"['PLASTIC', 'HOUSEHOLD', 'METAL', 'GLASS']",img_12_9.jpg
CAR NEEDED,['CONSTRUCTION'],img_13_0.jpg
CAR NEEDED,['CONSTRUCTION'],img_13_1.jpg
FITS IN A BAG,"['PLASTIC', 'HOUSEHOLD', 'METAL', 'GLASS']",img_13_2.jpg
CAR NEEDED,['AUTOMOTIVE'],img_13_3.jpg
CAR NEEDED,['CONSTRUCTION'],img_13_4.jpg
FITS IN A WHEELBARROW,['HOUSEHOLD'],img_13_5.jpg
CAR NEEDED,['CONSTRUCTION'],img_13_6.jpg
CAR NEEDED,['CONSTRUCTION'],img_13_7.jpg
CAR NEEDED,['CONSTRUCTION'],img_13_8.jpg
CAR NEEDED,['CONSTRUCTION'],img_13_9.jpg
CAR NEEDED,['CONSTRUCTION'],img_14_0.jpg
CAR NEEDED,['CONSTRUCTION'],img_14_1.jpg
CAR NEEDED,['CONSTRUCTION'],img_14_2.jpg
CAR NEEDED,['CONSTRUCTION'],img_14_3.jpg
CAR NEEDED,['CONSTRUCTION'],img_14_4.jpg
CAR NEEDED,['CONSTRUCTION'],img_14_5.jpg
CAR NEEDED,['CONSTRUCTION'],img_14_6.jpg
CAR NEEDED,['CONSTRUCTION'],img_14_7.jpg
CAR NEEDED,['CONSTRUCTION'],img_14_8.jpg
CAR NEEDED,['CONSTRUCTION'],img_14_9.jpg
FITS IN A WHEELBARROW,['CONSTRUCTION'],img_15_0.jpg
CAR NEEDED,['CONSTRUCTION'],img_15_1.jpg
CAR NEEDED,['AUTOMOTIVE'],img_15_2.jpg
CAR NEEDED,['CONSTRUCTION'],img_15_3.jpg
CAR NEEDED,['CONSTRUCTION'],img_15_4.jpg
CAR NEEDED,['AUTOMOTIVE'],img_15_5.jpg
CAR NEEDED,['CONSTRUCTION'],img_15_6.jpg
CAR NEEDED,['CONSTRUCTION'],img_15_7.jpg
CAR NEEDED,['CONSTRUCTION'],img_15_8.jpg
CAR NEEDED,['CONSTRUCTION'],img_15_9.jpg
CAR NEEDED,['CONSTRUCTION'],img_16_0.jpg
CAR NEEDED,"['HOUSEHOLD', 'CONSTRUCTION']",img_16_1.jpg
CAR NEEDED,['CONSTRUCTION'],img_16_2.jpg
FITS IN A WHEELBARROW,['PLASTIC'],img_16_3.jpg
FITS IN A WHEELBARROW,['PLASTIC'],img_16_4.jpg
CAR NEEDED,['CONSTRUCTION'],img_16_5.jpg
CAR NEEDED,['CONSTRUCTION'],img_16_6.jpg
CAR NEEDED,['PLASTIC'],img_16_7.jpg
FITS IN A WHEELBARROW,"['PLASTIC', 'METAL']",img_16_8.jpg
CAR NEEDED,['HOUSEHOLD'],img_16_9.jpg
CAR NEEDED,['HOUSEHOLD'],img_17_0.jpg
CAR NEEDED,"['PLASTIC', 'AUTOMOTIVE', 'LIQUID', 'DANGEROUS', 'METAL', 'ELECTRONIC', 'ORGANIC', 'CONSTRUCTION', 'GLASS']",img_17_1.jpg
FITS IN A WHEELBARROW,"['PLASTIC', 'HOUSEHOLD', 'METAL', 'ELECTRONIC', 'GLASS']",img_17_2.jpg
FITS IN A WHEELBARROW,['CONSTRUCTION'],img_17_3.jpg
FITS IN A BAG,['PLASTIC'],img_17_4.jpg
FITS IN A WHEELBARROW,"['PLASTIC', 'HOUSEHOLD']",img_17_5.jpg
FITS IN A WHEELBARROW,"['PLASTIC', 'CONSTRUCTION', 'GLASS']",img_17_6.jpg
FITS IN A WHEELBARROW,"['HOUSEHOLD', 'CONSTRUCTION']",img_17_7.jpg
CAR NEEDED,['HOUSEHOLD'],img_17_8.jpg
CAR NEEDED,['ELECTRONIC'],img_17_9.jpg
CAR NEEDED,"['AUTOMOTIVE', 'ELECTRONIC', 'CONSTRUCTION']",img_18_0.jpg
FITS IN A WHEELBARROW,['ELECTRONIC'],img_18_1.jpg
CAR NEEDED,"['PLASTIC', 'HOUSEHOLD', 'METAL', 'ORGANIC', 'CONSTRUCTION', 'GLASS']",img_18_2.jpg
FITS IN A WHEELBARROW,['CONSTRUCTION'],img_18_3.jpg
FITS IN A WHEELBARROW,"['PLASTIC', 'HOUSEHOLD', 'METAL', 'GLASS']",img_18_4.jpg
CAR NEEDED,"['AUTOMOTIVE', 'CONSTRUCTION']",img_18_5.jpg
CAR NEEDED,"['PLASTIC', 'AUTOMOTIVE', 'LIQUID', 'DANGEROUS']",img_18_6.jpg
FITS IN A BAG,"['PLASTIC', 'HOUSEHOLD', 'METAL']",img_18_7.jpg
FITS IN A BAG,['PLASTIC'],img_18_8.jpg
CAR NEEDED,"['CONSTRUCTION', 'GLASS']",img_18_9.jpg
FITS IN A WHEELBARROW,"['AUTOMOTIVE', 'GLASS']",img_19_0.jpg
CAR NEEDED,"['PLASTIC', 'HOUSEHOLD', 'AUTOMOTIVE', 'METAL', 'ELECTRONIC', 'ANIMAL CARCASS', 'ORGANIC', 'CONSTRUCTION', 'GLASS']",img_19_1.jpg
CAR NEEDED,"['HOUSEHOLD', 'AUTOMOTIVE', 'LIQUID', 'DANGEROUS', 'METAL', 'ELECTRONIC', 'CONSTRUCTION', 'GLASS']",img_19_2.jpg
CAR NEEDED,"['PLASTIC', 'HOUSEHOLD', 'AUTOMOTIVE', 'DANGEROUS', 'METAL', 'ELECTRONIC', 'CONSTRUCTION', 'GLASS']",img_19_3.jpg
FITS IN A BAG,"['PLASTIC', 'HOUSEHOLD', 'METAL']",img_19_4.jpg
CAR NEEDED,['CONSTRUCTION'],img_19_5.jpg
FITS IN A WHEELBARROW,"['PLASTIC', 'HOUSEHOLD', 'METAL', 'ORGANIC', 'CONSTRUCTION', 'GLASS']",img_19_6.jpg
FITS IN A WHEELBARROW,"['PLASTIC', 'HOUSEHOLD', 'METAL', 'GLASS']",img_19_7.jpg
CAR NEEDED,"['PLASTIC', 'LIQUID', 'METAL', 'ORGANIC', 'CONSTRUCTION', 'GLASS']",img_19_8.jpg
FITS IN A BAG,['HOUSEHOLD'],img_19_9.jpg
FITS IN A BAG,"['PLASTIC', 'HOUSEHOLD', 'METAL', 'GLASS']",img_20_0.jpg
CAR NEEDED,"['PLASTIC', 'CONSTRUCTION']",img_20_1.jpg
CAR NEEDED,"['PLASTIC', 'HOUSEHOLD', 'AUTOMOTIVE', 'METAL', 'ORGANIC', 'CONSTRUCTION', 'GLASS']",img_20_2.jpg
FITS IN A WHEELBARROW,"['PLASTIC', 'HOUSEHOLD', 'METAL']",img_20_3.jpg
FITS IN A BAG,"['PLASTIC', 'METAL']",img_20_4.jpg
FITS IN A WHEELBARROW,"['PLASTIC', 'HOUSEHOLD', 'METAL', 'GLASS']",img_20_5.jpg
FITS IN A WHEELBARROW,"['PLASTIC', 'METAL', 'ORGANIC', 'GLASS']",img_20_6.jpg
CAR NEEDED,"['HOUSEHOLD', 'AUTOMOTIVE']",img_20_7.jpg
CAR NEEDED,"['PLASTIC', 'HOUSEHOLD', 'AUTOMOTIVE', 'METAL', 'CONSTRUCTION', 'GLASS']",img_20_8.jpg
CAR NEEDED,"['PLASTIC', 'CONSTRUCTION']",img_20_9.jpg
CLEANED,['CLEANED'],img_21_0.jpg
CAR NEEDED,['HOUSEHOLD'],img_21_1.jpg
CAR NEEDED,"['CONSTRUCTION', 'GLASS']",img_21_2.jpg
CAR NEEDED,"['PLASTIC', 'HOUSEHOLD', 'METAL', 'GLASS']",img_21_3.jpg
CAR NEEDED,['CONSTRUCTION'],img_21_4.jpg
FITS IN A WHEELBARROW,"['PLASTIC', 'METAL', 'GLASS']",img_21_5.jpg
FITS IN A WHEELBARROW,['PLASTIC'],img_21_6.jpg
FITS IN A WHEELBARROW,['PLASTIC'],img_21_7.jpg
FITS IN A WHEELBARROW,['METAL'],img_21_8.jpg
CAR NEEDED,"['PLASTIC', 'METAL']",img_21_9.jpg
CAR NEEDED,"['PLASTIC', 'METAL', 'CONSTRUCTION']",img_22_0.jpg
CAR NEEDED,['PLASTIC'],img_22_1.jpg
CAR NEEDED,['CONSTRUCTION'],img_22_2.jpg
CAR NEEDED,"['HOUSEHOLD', 'AUTOMOTIVE', 'CONSTRUCTION']",img_22_3.jpg
FITS IN A WHEELBARROW,['HOUSEHOLD'],img_22_4.jpg
CAR NEEDED,['CONSTRUCTION'],img_22_5.jpg
FITS IN A WHEELBARROW,['HOUSEHOLD'],img_22_6.jpg
FITS IN A WHEELBARROW,"['AUTOMOTIVE', 'CONSTRUCTION']",img_22_7.jpg
CAR NEEDED,"['HOUSEHOLD', 'AUTOMOTIVE']",img_22_8.jpg
CAR NEEDED,"['PLASTIC', 'CONSTRUCTION', 'GLASS']",img_23_0.jpg
CAR NEEDED,['HOUSEHOLD'],img_23_1.jpg
FITS IN A WHEELBARROW,['CONSTRUCTION'],img_23_2.jpg
CAR NEEDED,"['PLASTIC', 'METAL', 'CONSTRUCTION', 'GLASS']",img_23_3.jpg
FITS IN A WHEELBARROW,['PLASTIC'],img_23_4.jpg
FITS IN A WHEELBARROW,"['PLASTIC', 'HOUSEHOLD']",img_23_5.jpg
CAR NEEDED,"['HOUSEHOLD', 'CONSTRUCTION']",img_23_6.jpg
FITS IN A BAG,['HOUSEHOLD'],img_23_7.jpg
CAR NEEDED,['HOUSEHOLD'],img_23_8.jpg
CAR NEEDED,['HOUSEHOLD'],img_23_9.jpg
CAR NEEDED,"['PLASTIC', 'METAL', 'CONSTRUCTION']",img_24_0.jpg
CAR NEEDED,['HOUSEHOLD'],img_24_1.jpg
CAR NEEDED,['CONSTRUCTION'],img_24_2.jpg
FITS IN A WHEELBARROW,"['ORGANIC', 'CONSTRUCTION']",img_24_3.jpg
FITS IN A WHEELBARROW,"['HOUSEHOLD', 'ORGANIC']",img_24_4.jpg
FITS IN A BAG,"['PLASTIC', 'HOUSEHOLD']",img_24_5.jpg
FITS IN A WHEELBARROW,"['DANGEROUS', 'GLASS']",img_24_6.jpg
CAR NEEDED,['CONSTRUCTION'],img_24_7.jpg
FITS IN A WHEELBARROW,"['PLASTIC', 'HOUSEHOLD']",img_24_8.jpg
FITS IN A WHEELBARROW,['HOUSEHOLD'],img_24_9.jpg
CAR NEEDED,['CONSTRUCTION'],img_25_0.jpg
CAR NEEDED,"['HOUSEHOLD', 'ORGANIC']",img_25_1.jpg
CAR NEEDED,['CONSTRUCTION'],img_25_2.jpg
CAR NEEDED,"['PLASTIC', 'HOUSEHOLD', 'METAL', 'CONSTRUCTION', 'GLASS']",img_25_3.jpg
CAR NEEDED,['CONSTRUCTION'],img_25_4.jpg
CAR NEEDED,"['ORGANIC', 'CONSTRUCTION']",img_25_5.jpg
FITS IN A WHEELBARROW,['HOUSEHOLD'],img_25_6.jpg
CAR NEEDED,"['HOUSEHOLD', 'CONSTRUCTION']",img_25_7.jpg
FITS IN A WHEELBARROW,"['DANGEROUS', 'GLASS']",img_25_8.jpg
CAR NEEDED,"['PLASTIC', 'METAL', 'CONSTRUCTION', 'GLASS']",img_25_9.jpg
CAR NEEDED,"['PLASTIC', 'HOUSEHOLD', 'AUTOMOTIVE', 'GLASS']",img_26_0.jpg
FITS IN A BAG,"['PLASTIC', 'HOUSEHOLD', 'GLASS']",img_26_1.jpg
FITS IN A WHEELBARROW,['ELECTRONIC'],img_26_2.jpg
FITS IN A BAG,['HOUSEHOLD'],img_26_3.jpg
FITS IN A BAG,['PLASTIC'],img_26_4.jpg
CAR NEEDED,['CONSTRUCTION'],img_26_5.jpg
CAR NEEDED,"['PLASTIC', 'HOUSEHOLD', 'AUTOMOTIVE', 'METAL', 'GLASS']",img_26_6.jpg
CAR NEEDED,['CONSTRUCTION'],img_26_7.jpg
CAR NEEDED,"['PLASTIC', 'HOUSEHOLD']",img_26_8.jpg
FITS IN A WHEELBARROW,['AUTOMOTIVE'],img_26_9.jpg
FITS IN A BAG,"['ELECTRONIC', 'CONSTRUCTION']",img_27_0.jpg
CAR NEEDED,['CONSTRUCTION'],img_27_1.jpg
CAR NEEDED,"['HOUSEHOLD', 'CONSTRUCTION']",img_27_2.jpg
CAR NEEDED,['CONSTRUCTION'],img_27_3.jpg
CAR NEEDED,['ELECTRONIC'],img_27_4.jpg
CAR NEEDED,"['PLASTIC', 'CONSTRUCTION', 'GLASS']",img_27_5.jpg
CAR NEEDED,"['PLASTIC', 'ORGANIC', 'CONSTRUCTION']",img_27_6.jpg
CAR NEEDED,['CONSTRUCTION'],img_27_7.jpg
CAR NEEDED,"['DANGEROUS', 'CONSTRUCTION', 'GLASS']",img_27_8.jpg
FITS IN A WHEELBARROW,"['PLASTIC', 'HOUSEHOLD']",img_27_9.jpg
FITS IN A WHEELBARROW,"['PLASTIC', 'AUTOMOTIVE']",img_28_0.jpg
CAR NEEDED,['CONSTRUCTION'],img_28_1.jpg
FITS IN A WHEELBARROW,"['PLASTIC', 'HOUSEHOLD', 'METAL', 'GLASS']",img_28_2.jpg
FITS IN A WHEELBARROW,['HOUSEHOLD'],img_28_3.jpg
CAR NEEDED,"['PLASTIC', 'CONSTRUCTION']",img_28_4.jpg
FITS IN A WHEELBARROW,"['PLASTIC', 'HOUSEHOLD']",img_28_5.jpg
CAR NEEDED,['CONSTRUCTION'],img_28_6.jpg
CAR NEEDED,"['PLASTIC', 'AUTOMOTIVE', 'DANGEROUS']",img_28_7.jpg
CAR NEEDED,['CONSTRUCTION'],img_28_8.jpg
CAR NEEDED,"['HOUSEHOLD', 'ELECTRONIC', 'CONSTRUCTION']",img_29_0.jpg
FITS IN A WHEELBARROW,['PLASTIC'],img_29_1.jpg
CAR NEEDED,"['HOUSEHOLD', 'CONSTRUCTION']",img_29_2.jpg
CAR NEEDED,"['PLASTIC', 'HOUSEHOLD']",img_29_3.jpg
CAR NEEDED,"['DANGEROUS', 'CONSTRUCTION', 'GLASS']",img_29_4.jpg
CAR NEEDED,"['PLASTIC', 'CONSTRUCTION']",img_29_5.jpg
CAR NEEDED,"['PLASTIC', 'HOUSEHOLD', 'AUTOMOTIVE', 'DANGEROUS', 'METAL', 'ELECTRONIC', 'ANIMAL CARCASS', 'ORGANIC', 'CONSTRUCTION', 'GLASS']",img_29_6.jpg
CAR NEEDED,"['PLASTIC', 'HOUSEHOLD']",img_29_7.jpg
CAR NEEDED,"['PLASTIC', 'HOUSEHOLD']",img_29_8.jpg
CAR NEEDED,"['PLASTIC', 'HOUSEHOLD', 'AUTOMOTIVE', 'METAL', 'ELECTRONIC', 'ORGANIC', 'CONSTRUCTION']",img_29_9.jpg
CAR NEEDED,"['PLASTIC', 'HOUSEHOLD']",img_30_0.jpg
CAR NEEDED,"['PLASTIC', 'HOUSEHOLD', 'ORGANIC', 'CONSTRUCTION']",img_30_1.jpg
FITS IN A WHEELBARROW,"['PLASTIC', 'HOUSEHOLD']",img_30_2.jpg
FITS IN A BAG,['PLASTIC'],img_30_3.jpg
CAR NEEDED,"['PLASTIC', 'METAL', 'ELECTRONIC', 'CONSTRUCTION', 'GLASS']",img_30_4.jpg
FITS IN A WHEELBARROW,['PLASTIC'],img_30_5.jpg
CAR NEEDED,['CONSTRUCTION'],img_30_6.jpg
FITS IN A WHEELBARROW,"['PLASTIC', 'HOUSEHOLD', 'DANGEROUS', 'METAL', 'GLASS']",img_30_7.jpg
FITS IN A WHEELBARROW,['HOUSEHOLD'],img_30_8.jpg
CAR NEEDED,['CONSTRUCTION'],img_30_9.jpg
FITS IN A WHEELBARROW,['CONSTRUCTION'],img_31_0.jpg
CAR NEEDED,"['PLASTIC', 'HOUSEHOLD', 'METAL', 'CONSTRUCTION']",img_31_1.jpg
CAR NEEDED,"['PLASTIC', 'HOUSEHOLD', 'DANGEROUS', 'METAL', 'ANIMAL CARCASS', 'CONSTRUCTION', 'GLASS']",img_31_2.jpg
CAR NEEDED,['CONSTRUCTION'],img_31_3.jpg
CAR NEEDED,"['HOUSEHOLD', 'ELECTRONIC']",img_31_4.jpg
CAR NEEDED,['HOUSEHOLD'],img_31_5.jpg
FITS IN A BAG,"['PLASTIC', 'HOUSEHOLD', 'METAL', 'GLASS']",img_31_6.jpg
CAR NEEDED,"['PLASTIC', 'HOUSEHOLD', 'METAL', 'GLASS']",img_31_7.jpg
FITS IN A BAG,"['PLASTIC', 'ANIMAL CARCASS']",img_31_8.jpg
FITS IN A BAG,"['PLASTIC', 'METAL', 'GLASS']",img_31_9.jpg
CAR NEEDED,"['PLASTIC', 'LIQUID', 'METAL', 'ORGANIC', 'CONSTRUCTION', 'GLASS']",img_32_0.jpg
FITS IN A WHEELBARROW,['PLASTIC'],img_32_1.jpg
CAR NEEDED,"['PLASTIC', 'HOUSEHOLD', 'METAL', 'CONSTRUCTION', 'GLASS']",img_32_2.jpg
CAR NEEDED,"['HOUSEHOLD', 'AUTOMOTIVE', 'ELECTRONIC', 'ORGANIC', 'CONSTRUCTION', 'GLASS']",img_32_3.jpg
CAR NEEDED,"['PLASTIC', 'HOUSEHOLD', 'AUTOMOTIVE', 'METAL', 'ANIMAL CARCASS', 'ORGANIC', 'CONSTRUCTION', 'GLASS']",img_32_4.jpg
CAR NEEDED,"['PLASTIC', 'HOUSEHOLD', 'AUTOMOTIVE', 'LIQUID', 'DANGEROUS', 'METAL', 'ELECTRONIC', 'ANIMAL CARCASS', 'ORGANIC', 'CONSTRUCTION', 'GLASS']",img_32_5.jpg
CAR NEEDED,"['HOUSEHOLD', 'CONSTRUCTION']",img_32_6.jpg
CAR NEEDED,['HOUSEHOLD'],img_32_7.jpg
FITS IN A WHEELBARROW,['HOUSEHOLD'],img_32_8.jpg
FITS IN A BAG,['PLASTIC'],img_32_9.jpg
CAR NEEDED,"['PLASTIC', 'HOUSEHOLD', 'ORGANIC']",img_33_0.jpg
CAR NEEDED,"['METAL', 'CONSTRUCTION', 'GLASS']",img_33_1.jpg
CAR NEEDED,"['PLASTIC', 'ORGANIC']",img_33_2.jpg
CAR NEEDED,"['PLASTIC', 'HOUSEHOLD', 'ORGANIC', 'CONSTRUCTION', 'GLASS']",img_33_3.jpg
CAR NEEDED,"['HOUSEHOLD', 'METAL', 'ORGANIC', 'CONSTRUCTION']",img_33_4.jpg
FITS IN A BAG,"['PLASTIC', 'METAL']",img_33_5.jpg
FITS IN A WHEELBARROW,"['PLASTIC', 'METAL', 'GLASS']",img_33_6.jpg
CAR NEEDED,"['PLASTIC', 'HOUSEHOLD', 'AUTOMOTIVE', 'DANGEROUS', 'ORGANIC', 'CONSTRUCTION', 'GLASS']",img_33_7.jpg
FITS IN A BAG,"['PLASTIC', 'METAL']",img_33_8.jpg
CAR NEEDED,['HOUSEHOLD'],img_33_9.jpg
CAR NEEDED,['CONSTRUCTION'],img_34_0.jpg
CAR NEEDED,['CONSTRUCTION'],img_34_1.jpg
FITS IN A WHEELBARROW,['CONSTRUCTION'],img_34_2.jpg
FITS IN A BAG,['HOUSEHOLD'],img_34_3.jpg
FITS IN A BAG,['HOUSEHOLD'],img_34_4.jpg
CAR NEEDED,['CONSTRUCTION'],img_34_5.jpg
CAR NEEDED,['CONSTRUCTION'],img_34_6.jpg
CAR NEEDED,"['PLASTIC', 'METAL', 'CONSTRUCTION']",img_34_7.jpg
CAR NEEDED,"['PLASTIC', 'ORGANIC', 'CONSTRUCTION', 'GLASS']",img_34_8.jpg
CAR NEEDED,"['PLASTIC', 'HOUSEHOLD', 'CONSTRUCTION']",img_34_9.jpg
CAR NEEDED,"['PLASTIC', 'HOUSEHOLD', 'METAL', 'CONSTRUCTION', 'GLASS']",img_35_0.jpg
CAR NEEDED,"['PLASTIC', 'HOUSEHOLD', 'DANGEROUS', 'METAL', 'CONSTRUCTION', 'GLASS']",img_35_1.jpg
FITS IN A WHEELBARROW,"['PLASTIC', 'HOUSEHOLD', 'METAL', 'GLASS']",img_35_2.jpg
CAR NEEDED,"['HOUSEHOLD', 'AUTOMOTIVE']",img_35_3.jpg
FITS IN A BAG,"['HOUSEHOLD', 'LIQUID', 'ORGANIC']",img_35_4.jpg
FITS IN A BAG,"['PLASTIC', 'HOUSEHOLD', 'METAL']",img_35_5.jpg
FITS IN A BAG,"['PLASTIC', 'HOUSEHOLD', 'METAL', 'GLASS']",img_35_6.jpg
FITS IN A WHEELBARROW,['CONSTRUCTION'],img_35_7.jpg
FITS IN A WHEELBARROW,['CONSTRUCTION'],img_35_8.jpg
CAR NEEDED,['CONSTRUCTION'],img_35_9.jpg
CAR NEEDED,['CONSTRUCTION'],img_36_0.jpg
CAR NEEDED,['CONSTRUCTION'],img_36_1.jpg
FITS IN A BAG,['HOUSEHOLD'],img_36_2.jpg
CAR NEEDED,['CONSTRUCTION'],img_36_3.jpg
CAR NEEDED,['ORGANIC'],img_36_4.jpg
CAR NEEDED,"['PLASTIC', 'HOUSEHOLD', 'ORGANIC', 'CONSTRUCTION']",img_36_5.jpg
CAR NEEDED,['HOUSEHOLD'],img_36_6.jpg
FITS IN A WHEELBARROW,['AUTOMOTIVE'],img_36_7.jpg
FITS IN A WHEELBARROW,['HOUSEHOLD'],img_36_8.jpg
CAR NEEDED,"['PLASTIC', 'HOUSEHOLD', 'CONSTRUCTION']",img_36_9.jpg
FITS IN A WHEELBARROW,"['PLASTIC', 'METAL', 'GLASS']",img_37_0.jpg
CAR NEEDED,"['PLASTIC', 'HOUSEHOLD', 'AUTOMOTIVE', 'ORGANIC']",img_37_1.jpg
CAR NEEDED,"['PLASTIC', 'HOUSEHOLD']",img_37_2.jpg
CAR NEEDED,['CONSTRUCTION'],img_37_3.jpg
FITS IN A BAG,"['PLASTIC', 'METAL']",img_37_4.jpg
CAR NEEDED,"['HOUSEHOLD', 'CONSTRUCTION']",img_37_5.jpg
CAR NEEDED,"['PLASTIC', 'HOUSEHOLD']",img_37_6.jpg
CAR NEEDED,"['PLASTIC', 'HOUSEHOLD', 'METAL', 'CONSTRUCTION', 'GLASS']",img_37_7.jpg
CAR NEEDED,"['PLASTIC', 'HOUSEHOLD', 'ELECTRONIC']",img_37_8.jpg
FITS IN A BAG,"['PLASTIC', 'METAL', 'ORGANIC']",img_37_9.jpg
CAR NEEDED,"['PLASTIC', 'HOUSEHOLD', 'CONSTRUCTION']",img_38_0.jpg
CAR NEEDED,['PLASTIC'],img_38_1.jpg
FITS IN A BAG,['PLASTIC'],img_38_2.jpg
CAR NEEDED,"['PLASTIC', 'HOUSEHOLD', 'CONSTRUCTION']",img_38_3.jpg
CAR NEEDED,"['PLASTIC', 'LIQUID', 'GLASS']",img_38_4.jpg
CAR NEEDED,"['PLASTIC', 'HOUSEHOLD', 'CONSTRUCTION']",img_38_5.jpg
FITS IN A WHEELBARROW,"['DANGEROUS', 'CONSTRUCTION']",img_38_6.jpg
FITS IN A WHEELBARROW,['CONSTRUCTION'],img_38_7.jpg
CAR NEEDED,['CONSTRUCTION'],img_38_8.jpg
CAR NEEDED,['ORGANIC'],img_38_9.jpg
FITS IN A WHEELBARROW,"['PLASTIC', 'HOUSEHOLD']",img_39_0.jpg
CAR NEEDED,"['PLASTIC', 'HOUSEHOLD', 'AUTOMOTIVE', 'CONSTRUCTION', 'GLASS']",img_39_1.jpg
CAR NEEDED,"['HOUSEHOLD', 'AUTOMOTIVE', 'LIQUID', 'DANGEROUS', 'METAL', 'CONSTRUCTION']",img_39_2.jpg
CAR NEEDED,['HOUSEHOLD'],img_39_3.jpg
CAR NEEDED,"['PLASTIC', 'HOUSEHOLD', 'CONSTRUCTION']",img_39_4.jpg
CAR NEEDED,"['HOUSEHOLD', 'AUTOMOTIVE']",img_39_5.jpg
CAR NEEDED,"['HOUSEHOLD', 'CONSTRUCTION']",img_39_6.jpg
FITS IN A WHEELBARROW,['PLASTIC'],img_39_7.jpg
FITS IN A WHEELBARROW,"['PLASTIC', 'HOUSEHOLD', 'METAL']",img_39_8.jpg
CAR NEEDED,"['HOUSEHOLD', 'AUTOMOTIVE', 'CONSTRUCTION']",img_39_9.jpg
CAR NEEDED,['CONSTRUCTION'],img_40_0.jpg
CAR NEEDED,['CONSTRUCTION'],img_40_1.jpg
CAR NEEDED,['CONSTRUCTION'],img_40_2.jpg
FITS IN A WHEELBARROW,"['PLASTIC', 'HOUSEHOLD']",img_40_3.jpg
FITS IN A BAG,"['PLASTIC', 'HOUSEHOLD']",img_40_4.jpg
CAR NEEDED,"['PLASTIC', 'HOUSEHOLD', 'METAL', 'CONSTRUCTION', 'GLASS']",img_40_5.jpg
FITS IN A BAG,"['PLASTIC', 'CONSTRUCTION', 'GLASS']",img_40_6.jpg
CAR NEEDED,"['PLASTIC', 'HOUSEHOLD', 'METAL', 'ORGANIC']",img_40_7.jpg
FITS IN A WHEELBARROW,"['PLASTIC', 'HOUSEHOLD', 'METAL', 'CONSTRUCTION', 'GLASS']",img_40_8.jpg
CAR NEEDED,"['HOUSEHOLD', 'CONSTRUCTION']",img_40_9.jpg
FITS IN A BAG,['HOUSEHOLD'],img_41_0.jpg
CLEANED,['CLEANED'],img_41_1.jpg
CAR NEEDED,['HOUSEHOLD'],img_41_2.jpg
FITS IN A BAG,['PLASTIC'],img_41_3.jpg
FITS IN A WHEELBARROW,['PLASTIC'],img_41_4.jpg
FITS IN A BAG,['PLASTIC'],img_41_5.jpg
FITS IN A BAG,['PLASTIC'],img_41_6.jpg
FITS IN A BAG,['PLASTIC'],img_41_7.jpg
FITS IN A WHEELBARROW,['HOUSEHOLD'],img_41_8.jpg
CAR NEEDED,['CONSTRUCTION'],img_41_9.jpg
CAR NEEDED,['CONSTRUCTION'],img_42_0.jpg
CAR NEEDED,['CONSTRUCTION'],img_42_1.jpg
CAR NEEDED,['CONSTRUCTION'],img_42_2.jpg
CAR NEEDED,['CONSTRUCTION'],img_42_3.jpg
CAR NEEDED,['CONSTRUCTION'],img_42_4.jpg
CAR NEEDED,['CONSTRUCTION'],img_42_5.jpg
CAR NEEDED,['CONSTRUCTION'],img_42_6.jpg
CAR NEEDED,['CONSTRUCTION'],img_42_7.jpg
CAR NEEDED,['AUTOMOTIVE'],img_42_8.jpg
CAR NEEDED,['CONSTRUCTION'],img_42_9.jpg
CAR NEEDED,['CONSTRUCTION'],img_43_0.jpg
CAR NEEDED,['CONSTRUCTION'],img_43_1.jpg
FITS IN A WHEELBARROW,['CONSTRUCTION'],img_43_2.jpg
CAR NEEDED,['CONSTRUCTION'],img_43_3.jpg
CAR NEEDED,['CONSTRUCTION'],img_43_4.jpg
CAR NEEDED,['CONSTRUCTION'],img_43_5.jpg
FITS IN A WHEELBARROW,['CONSTRUCTION'],img_43_6.jpg
CAR NEEDED,['CONSTRUCTION'],img_43_7.jpg
FITS IN A WHEELBARROW,['HOUSEHOLD'],img_43_8.jpg
CAR NEEDED,['CONSTRUCTION'],img_44_0.jpg
CAR NEEDED,['CONSTRUCTION'],img_44_1.jpg
FITS IN A WHEELBARROW,['CONSTRUCTION'],img_44_2.jpg
CAR NEEDED,['CONSTRUCTION'],img_44_3.jpg
CAR NEEDED,['CONSTRUCTION'],img_44_4.jpg
CAR NEEDED,['CONSTRUCTION'],img_44_5.jpg
FITS IN A WHEELBARROW,['CONSTRUCTION'],img_44_6.jpg
CAR NEEDED,['CONSTRUCTION'],img_44_7.jpg
FITS IN A WHEELBARROW,['HOUSEHOLD'],img_44_8.jpg
CAR NEEDED,['CONSTRUCTION'],img_44_9.jpg
FITS IN A WHEELBARROW,['CONSTRUCTION'],img_45_0.jpg
CAR NEEDED,['CONSTRUCTION'],img_45_1.jpg
CAR NEEDED,['CONSTRUCTION'],img_45_2.jpg
CAR NEEDED,['CONSTRUCTION'],img_45_3.jpg
CAR NEEDED,['CONSTRUCTION'],img_45_4.jpg
CAR NEEDED,['CONSTRUCTION'],img_45_5.jpg
FITS IN A WHEELBARROW,['CONSTRUCTION'],img_45_6.jpg
CAR NEEDED,"['PLASTIC', 'HOUSEHOLD', 'CONSTRUCTION']",img_45_7.jpg
FITS IN A WHEELBARROW,"['PLASTIC', 'METAL', 'ORGANIC', 'GLASS']",img_45_8.jpg
CAR NEEDED,"['PLASTIC', 'CONSTRUCTION', 'GLASS']",img_45_9.jpg
FITS IN A BAG,['GLASS'],img_46_0.jpg
FITS IN A BAG,"['PLASTIC', 'METAL']",img_46_1.jpg
CAR NEEDED,"['HOUSEHOLD', 'CONSTRUCTION']",img_46_2.jpg
CAR NEEDED,"['PLASTIC', 'HOUSEHOLD', 'AUTOMOTIVE', 'METAL', 'ELECTRONIC', 'GLASS']",img_46_3.jpg
FITS IN A WHEELBARROW,['GLASS'],img_46_4.jpg
CAR NEEDED,"['PLASTIC', 'HOUSEHOLD', 'METAL', 'GLASS']",img_46_5.jpg
FITS IN A BAG,['PLASTIC'],img_46_6.jpg
CAR NEEDED,"['PLASTIC', 'HOUSEHOLD', 'AUTOMOTIVE', 'METAL', 'ELECTRONIC', 'GLASS']",img_46_7.jpg
FITS IN A WHEELBARROW,['CONSTRUCTION'],img_46_8.jpg
FITS IN A BAG,['PLASTIC'],img_46_9.jpg
CAR NEEDED,['CONSTRUCTION'],img_47_0.jpg
CAR NEEDED,['CONSTRUCTION'],img_47_1.jpg
CAR NEEDED,['CONSTRUCTION'],img_47_2.jpg
CAR NEEDED,['CONSTRUCTION'],img_47_3.jpg
CAR NEEDED,['CONSTRUCTION'],img_47_4.jpg
CAR NEEDED,['HOUSEHOLD'],img_47_5.jpg
CAR NEEDED,['HOUSEHOLD'],img_47_6.jpg
CAR NEEDED,"['PLASTIC', 'METAL', 'CONSTRUCTION']",img_47_7.jpg
FITS IN A WHEELBARROW,['AUTOMOTIVE'],img_47_8.jpg
FITS IN A WHEELBARROW,"['PLASTIC', 'HOUSEHOLD', 'METAL', 'GLASS']",img_47_9.jpg
CAR NEEDED,['AUTOMOTIVE'],img_48_0.jpg
FITS IN A WHEELBARROW,"['PLASTIC', 'HOUSEHOLD', 'METAL', 'GLASS']",img_48_1.jpg
CAR NEEDED,"['PLASTIC', 'HOUSEHOLD', 'CONSTRUCTION']",img_48_2.jpg
CAR NEEDED,"['PLASTIC', 'HOUSEHOLD']",img_48_3.jpg
FITS IN A BAG,['PLASTIC'],img_48_4.jpg
FITS IN A WHEELBARROW,"['HOUSEHOLD', 'METAL']",img_48_5.jpg
CAR NEEDED,['HOUSEHOLD'],img_48_6.jpg
CAR NEEDED,"['PLASTIC', 'HOUSEHOLD', 'AUTOMOTIVE', 'METAL', 'ELECTRONIC', 'CONSTRUCTION', 'GLASS']",img_48_7.jpg
FITS IN A WHEELBARROW,['PLASTIC'],img_48_8.jpg
CAR NEEDED,['HOUSEHOLD'],img_48_9.jpg
FITS IN A WHEELBARROW,"['PLASTIC', 'HOUSEHOLD', 'METAL']",img_49_0.jpg
FITS IN A WHEELBARROW,"['PLASTIC', 'HOUSEHOLD', 'METAL']",img_49_1.jpg
FITS IN A WHEELBARROW,['PLASTIC'],img_49_2.jpg
CAR NEEDED,['CONSTRUCTION'],img_49_3.jpg
FITS IN A WHEELBARROW,"['PLASTIC', 'HOUSEHOLD', 'METAL']",img_49_4.jpg
FITS IN A BAG,"['PLASTIC', 'HOUSEHOLD', 'LIQUID', 'GLASS']",img_49_5.jpg
CAR NEEDED,"['PLASTIC', 'HOUSEHOLD']",img_49_6.jpg
FITS IN A BAG,"['PLASTIC', 'HOUSEHOLD', 'ORGANIC', 'GLASS']",img_49_7.jpg
FITS IN A BAG,"['PLASTIC', 'HOUSEHOLD', 'GLASS']",img_49_8.jpg
CAR NEEDED,"['AUTOMOTIVE', 'CONSTRUCTION']",img_49_9.jpg
CAR NEEDED,"['AUTOMOTIVE', 'CONSTRUCTION']",img_50_0.jpg
FITS IN A WHEELBARROW,"['METAL', 'CONSTRUCTION']",img_50_1.jpg
CAR NEEDED,['CONSTRUCTION'],img_50_2.jpg
CAR NEEDED,"['PLASTIC', 'HOUSEHOLD', 'LIQUID', 'METAL', 'ORGANIC', 'CONSTRUCTION', 'GLASS']",img_50_3.jpg
FITS IN A WHEELBARROW,"['PLASTIC', 'HOUSEHOLD', 'ORGANIC']",img_50_4.jpg
CAR NEEDED,"['PLASTIC', 'HOUSEHOLD', 'METAL', 'GLASS']",img_50_5.jpg
FITS IN A BAG,['CONSTRUCTION'],img_50_6.jpg
FITS IN A WHEELBARROW,['PLASTIC'],img_50_7.jpg
FITS IN A WHEELBARROW,['CONSTRUCTION'],img_50_8.jpg
FITS IN A WHEELBARROW,"['PLASTIC', 'ORGANIC']",img_50_9.jpg
CAR NEEDED,['CONSTRUCTION'],img_51_0.jpg
CAR NEEDED,['CONSTRUCTION'],img_51_1.jpg
FITS IN A BAG,"['PLASTIC', 'HOUSEHOLD']",img_51_2.jpg
CAR NEEDED,['CONSTRUCTION'],img_51_3.jpg
CAR NEEDED,"['PLASTIC', 'HOUSEHOLD', 'CONSTRUCTION', 'GLASS']",img_51_4.jpg
CAR NEEDED,"['HOUSEHOLD', 'CONSTRUCTION']",img_51_5.jpg
CAR NEEDED,['HOUSEHOLD'],img_51_6.jpg
CAR NEEDED,['HOUSEHOLD'],img_51_7.jpg
CAR NEEDED,['HOUSEHOLD'],img_51_8.jpg
CAR NEEDED,"['PLASTIC', 'HOUSEHOLD', 'CONSTRUCTION']",img_51_9.jpg
FITS IN A BAG,"['PLASTIC', 'HOUSEHOLD', 'METAL']",img_52_0.jpg
FITS IN A WHEELBARROW,['PLASTIC'],img_52_1.jpg
CAR NEEDED,"['PLASTIC', 'METAL', 'GLASS']",img_52_2.jpg
FITS IN A WHEELBARROW,"['PLASTIC', 'METAL', 'GLASS']",img_52_3.jpg
CAR NEEDED,"['PLASTIC', 'HOUSEHOLD', 'CONSTRUCTION', 'GLASS']",img_52_4.jpg
FITS IN A BAG,['PLASTIC'],img_52_5.jpg
CAR NEEDED,"['PLASTIC', 'METAL']",img_52_6.jpg
CLEANED,['CLEANED'],img_52_7.jpg
FITS IN A WHEELBARROW,['CONSTRUCTION'],img_52_8.jpg
CLEANED,['CLEANED'],img_52_9.jpg
CAR NEEDED,"['PLASTIC', 'HOUSEHOLD', 'AUTOMOTIVE', 'LIQUID', 'DANGEROUS', 'METAL', 'ELECTRONIC', 'ANIMAL CARCASS', 'CONSTRUCTION', 'GLASS']",img_53_0.jpg
CAR NEEDED,"['PLASTIC', 'HOUSEHOLD', 'AUTOMOTIVE', 'LIQUID', 'METAL', 'ELECTRONIC', 'CONSTRUCTION', 'GLASS']",img_53_1.jpg
CAR NEEDED,"['PLASTIC', 'HOUSEHOLD', 'DANGEROUS', 'ANIMAL CARCASS', 'CONSTRUCTION', 'GLASS']",img_53_2.jpg
CAR NEEDED,"['PLASTIC', 'HOUSEHOLD', 'METAL', 'CONSTRUCTION', 'GLASS']",img_53_3.jpg
FITS IN A WHEELBARROW,"['PLASTIC', 'HOUSEHOLD', 'CONSTRUCTION', 'GLASS']",img_53_4.jpg
FITS IN A WHEELBARROW,"['PLASTIC', 'HOUSEHOLD', 'METAL', 'CONSTRUCTION', 'GLASS']",img_53_5.jpg
FITS IN A BAG,['HOUSEHOLD'],img_53_6.jpg
CLEANED,['CLEANED'],img_53_7.jpg
CAR NEEDED,"['PLASTIC', 'METAL', 'GLASS']",img_53_8.jpg
CAR NEEDED,"['PLASTIC', 'HOUSEHOLD', 'CONSTRUCTION', 'GLASS']",img_53_9.jpg
CAR NEEDED,"['PLASTIC', 'HOUSEHOLD', 'AUTOMOTIVE', 'DANGEROUS', 'METAL', 'ELECTRONIC', 'CONSTRUCTION']",img_54_0.jpg
CAR NEEDED,"['PLASTIC', 'HOUSEHOLD', 'AUTOMOTIVE', 'METAL', 'ELECTRONIC', 'CONSTRUCTION']",img_54_1.jpg
CAR NEEDED,['CONSTRUCTION'],img_54_2.jpg
CAR NEEDED,"['PLASTIC', 'METAL', 'CONSTRUCTION']",img_54_3.jpg
CAR NEEDED,"['PLASTIC', 'CONSTRUCTION']",img_54_4.jpg
CAR NEEDED,['METAL'],img_54_5.jpg
CAR NEEDED,"['PLASTIC', 'CONSTRUCTION']",img_54_6.jpg
CAR NEEDED,['CONSTRUCTION'],img_54_7.jpg
CAR NEEDED,"['PLASTIC', 'AUTOMOTIVE']",img_54_8.jpg
CAR NEEDED,"['PLASTIC', 'CONSTRUCTION']",img_54_9.jpg
CAR NEEDED,"['PLASTIC', 'HOUSEHOLD', 'CONSTRUCTION']",img_55_0.jpg
CAR NEEDED,"['PLASTIC', 'CONSTRUCTION']",img_55_1.jpg
CAR NEEDED,['PLASTIC'],img_55_2.jpg
CAR NEEDED,['CONSTRUCTION'],img_55_3.jpg
CAR NEEDED,"['PLASTIC', 'METAL', 'CONSTRUCTION']",img_55_4.jpg
CAR NEEDED,"['HOUSEHOLD', 'CONSTRUCTION']",img_55_5.jpg
FITS IN A BAG,"['PLASTIC', 'METAL']",img_55_6.jpg
CLEANED,['CLEANED'],img_55_7.jpg
FITS IN A BAG,"['PLASTIC', 'METAL']",img_55_8.jpg
FITS IN A BAG,"['PLASTIC', 'METAL']",img_55_9.jpg
FITS IN A BAG,"['PLASTIC', 'HOUSEHOLD', 'METAL']",img_56_0.jpg
FITS IN A BAG,"['PLASTIC', 'HOUSEHOLD']",img_56_1.jpg
FITS IN A WHEELBARROW,['AUTOMOTIVE'],img_56_2.jpg
FITS IN A WHEELBARROW,"['HOUSEHOLD', 'CONSTRUCTION']",img_56_3.jpg
CAR NEEDED,"['PLASTIC', 'HOUSEHOLD', 'METAL', 'CONSTRUCTION', 'GLASS']",img_56_4.jpg
CAR NEEDED,['PLASTIC'],img_56_5.jpg
FITS IN A BAG,['AUTOMOTIVE'],img_56_6.jpg
FITS IN A WHEELBARROW,"['PLASTIC', 'HOUSEHOLD']",img_56_7.jpg
CAR NEEDED,"['PLASTIC', 'ORGANIC', 'CONSTRUCTION']",img_56_8.jpg
FITS IN A WHEELBARROW,"['PLASTIC', 'AUTOMOTIVE']",img_56_9.jpg
FITS IN A WHEELBARROW,"['PLASTIC', 'CONSTRUCTION']",img_57_0.jpg
FITS IN A WHEELBARROW,['PLASTIC'],img_57_1.jpg
FITS IN A BAG,['PLASTIC'],img_57_2.jpg
FITS IN A WHEELBARROW,['PLASTIC'],img_57_3.jpg
FITS IN A WHEELBARROW,"['PLASTIC', 'HOUSEHOLD', 'ORGANIC', 'CONSTRUCTION', 'GLASS']",img_57_4.jpg
FITS IN A WHEELBARROW,"['PLASTIC', 'HOUSEHOLD', 'CONSTRUCTION']",img_57_5.jpg
FITS IN A BAG,"['PLASTIC', 'HOUSEHOLD', 'METAL', 'ORGANIC']",img_57_6.jpg
CAR NEEDED,['CONSTRUCTION'],img_57_7.jpg
FITS IN A WHEELBARROW,"['PLASTIC', 'HOUSEHOLD', 'ORGANIC']",img_57_8.jpg
FITS IN A WHEELBARROW,['CONSTRUCTION'],img_57_9.jpg
FITS IN A WHEELBARROW,['CONSTRUCTION'],img_58_0.jpg
FITS IN A WHEELBARROW,['HOUSEHOLD'],img_58_1.jpg
CAR NEEDED,"['PLASTIC', 'CONSTRUCTION']",img_58_2.jpg
FITS IN A WHEELBARROW,['HOUSEHOLD'],img_58_3.jpg
FITS IN A BAG,"['PLASTIC', 'HOUSEHOLD', 'AUTOMOTIVE', 'METAL']",img_58_4.jpg
CAR NEEDED,['ORGANIC'],img_58_5.jpg
FITS IN A WHEELBARROW,"['PLASTIC', 'HOUSEHOLD', 'CONSTRUCTION']",img_58_6.jpg
CAR NEEDED,['CONSTRUCTION'],img_58_7.jpg
FITS IN A BAG,['CONSTRUCTION'],img_58_8.jpg
CAR NEEDED,"['PLASTIC', 'HOUSEHOLD', 'METAL', 'CONSTRUCTION', 'GLASS']",img_58_9.jpg
FITS IN A BAG,"['PLASTIC', 'HOUSEHOLD']",img_59_0.jpg
CAR NEEDED,"['PLASTIC', 'HOUSEHOLD', 'METAL', 'GLASS']",img_59_1.jpg
FITS IN A BAG,"['PLASTIC', 'HOUSEHOLD']",img_59_2.jpg
CAR NEEDED,['ORGANIC'],img_59_3.jpg
FITS IN A BAG,"['PLASTIC', 'HOUSEHOLD', 'METAL', 'GLASS']",img_59_4.jpg
CAR NEEDED,['CONSTRUCTION'],img_59_5.jpg
FITS IN A BAG,"['PLASTIC', 'HOUSEHOLD', 'METAL', 'GLASS']",img_59_6.jpg
FITS IN A BAG,"['PLASTIC', 'METAL', 'GLASS']",img_59_7.jpg
CAR NEEDED,['DANGEROUS'],img_59_8.jpg
FITS IN A BAG,"['PLASTIC', 'METAL', 'GLASS']",img_59_9.jpg
CAR NEEDED,"['DANGEROUS', 'ORGANIC']",img_60_0.jpg
FITS IN A BAG,"['PLASTIC', 'METAL', 'GLASS']",img_60_1.jpg
FITS IN A BAG,['HOUSEHOLD'],img_60_2.jpg
CAR NEEDED,['DANGEROUS'],img_60_3.jpg
FITS IN A WHEELBARROW,"['PLASTIC', 'HOUSEHOLD', 'METAL', 'GLASS']",img_60_4.jpg
FITS IN A BAG,"['PLASTIC', 'HOUSEHOLD']",img_60_5.jpg
FITS IN A BAG,['HOUSEHOLD'],img_60_6.jpg
FITS IN A WHEELBARROW,"['PLASTIC', 'CONSTRUCTION']",img_60_7.jpg
CAR NEEDED,['HOUSEHOLD'],img_60_8.jpg
CAR NEEDED,"['PLASTIC', 'CONSTRUCTION']",img_60_9.jpg
CAR NEEDED,"['PLASTIC', 'CONSTRUCTION']",img_61_0.jpg
CAR NEEDED,['CONSTRUCTION'],img_61_1.jpg
CAR NEEDED,['CONSTRUCTION'],img_61_2.jpg
CAR NEEDED,['CONSTRUCTION'],img_61_3.jpg
CAR NEEDED,['CONSTRUCTION'],img_61_4.jpg
CAR NEEDED,['CONSTRUCTION'],img_61_5.jpg
CAR NEEDED,['CONSTRUCTION'],img_61_6.jpg
CAR NEEDED,['CONSTRUCTION'],img_61_7.jpg
CAR NEEDED,['CONSTRUCTION'],img_61_8.jpg
CAR NEEDED,"['PLASTIC', 'HOUSEHOLD', 'AUTOMOTIVE', 'METAL', 'CONSTRUCTION', 'GLASS']",img_61_9.jpg
CAR NEEDED,"['PLASTIC', 'METAL', 'CONSTRUCTION']",img_62_0.jpg
CAR NEEDED,"['PLASTIC', 'HOUSEHOLD', 'CONSTRUCTION']",img_62_1.jpg
CAR NEEDED,['PLASTIC'],img_62_2.jpg
CAR NEEDED,"['PLASTIC', 'HOUSEHOLD', 'AUTOMOTIVE', 'METAL', 'ELECTRONIC', 'CONSTRUCTION', 'GLASS']",img_62_3.jpg
FITS IN A BAG,"['PLASTIC', 'HOUSEHOLD', 'METAL', 'CONSTRUCTION', 'GLASS']",img_62_4.jpg
CAR NEEDED,['HOUSEHOLD'],img_62_5.jpg
CAR NEEDED,['CONSTRUCTION'],img_62_6.jpg
FITS IN A WHEELBARROW,['HOUSEHOLD'],img_62_7.jpg
CAR NEEDED,"['PLASTIC', 'HOUSEHOLD', 'ORGANIC', 'CONSTRUCTION', 'GLASS']",img_62_8.jpg
CAR NEEDED,"['HOUSEHOLD', 'CONSTRUCTION']",img_62_9.jpg
CAR NEEDED,"['CONSTRUCTION', 'GLASS']",img_63_0.jpg
CAR NEEDED,"['CONSTRUCTION', 'GLASS']",img_63_1.jpg
CAR NEEDED,['CONSTRUCTION'],img_63_2.jpg
CAR NEEDED,['CONSTRUCTION'],img_63_3.jpg
CAR NEEDED,['CONSTRUCTION'],img_63_4.jpg
CAR NEEDED,['AUTOMOTIVE'],img_63_5.jpg
CAR NEEDED,['AUTOMOTIVE'],img_63_6.jpg
CAR NEEDED,['CONSTRUCTION'],img_63_7.jpg
CAR NEEDED,['CONSTRUCTION'],img_63_8.jpg
CAR NEEDED,['CONSTRUCTION'],img_63_9.jpg
FITS IN A BAG,['PLASTIC'],img_64_0.jpg
CAR NEEDED,"['PLASTIC', 'HOUSEHOLD', 'METAL', 'ELECTRONIC', 'CONSTRUCTION', 'GLASS']",img_64_1.jpg
CAR NEEDED,"['HOUSEHOLD', 'AUTOMOTIVE']",img_64_2.jpg
CAR NEEDED,"['PLASTIC', 'HOUSEHOLD', 'METAL', 'ELECTRONIC', 'ORGANIC', 'CONSTRUCTION', 'GLASS']",img_64_3.jpg
CAR NEEDED,"['PLASTIC', 'HOUSEHOLD', 'METAL', 'ORGANIC', 'GLASS']",img_64_4.jpg
CAR NEEDED,"['ORGANIC', 'CONSTRUCTION']",img_64_5.jpg
CAR NEEDED,"['PLASTIC', 'HOUSEHOLD', 'METAL', 'CONSTRUCTION']",img_64_6.jpg
CAR NEEDED,"['PLASTIC', 'HOUSEHOLD', 'DANGEROUS', 'METAL', 'ORGANIC', 'CONSTRUCTION', 'GLASS']",img_64_7.jpg
CAR NEEDED,"['PLASTIC', 'METAL', 'CONSTRUCTION']",img_64_8.jpg
FITS IN A WHEELBARROW,"['PLASTIC', 'HOUSEHOLD', 'METAL', 'CONSTRUCTION']",img_64_9.jpg
FITS IN A WHEELBARROW,"['PLASTIC', 'HOUSEHOLD']",img_65_0.jpg
CAR NEEDED,['AUTOMOTIVE'],img_65_1.jpg
CAR NEEDED,"['PLASTIC', 'HOUSEHOLD', 'AUTOMOTIVE', 'METAL', 'ELECTRONIC', 'ORGANIC', 'CONSTRUCTION', 'GLASS']",img_65_2.jpg
FITS IN A WHEELBARROW,"['HOUSEHOLD', 'CONSTRUCTION']",img_65_3.jpg
CAR NEEDED,"['PLASTIC', 'HOUSEHOLD', 'AUTOMOTIVE', 'LIQUID', 'DANGEROUS', 'METAL', 'GLASS']",img_65_4.jpg
FITS IN A WHEELBARROW,"['PLASTIC', 'HOUSEHOLD', 'CONSTRUCTION']",img_65_5.jpg
CAR NEEDED,"['PLASTIC', 'HOUSEHOLD', 'METAL', 'GLASS']",img_65_6.jpg
CAR NEEDED,"['PLASTIC', 'HOUSEHOLD', 'METAL', 'ORGANIC', 'CONSTRUCTION', 'GLASS']",img_65_7.jpg
FITS IN A WHEELBARROW,['HOUSEHOLD'],img_65_8.jpg
CAR NEEDED,"['HOUSEHOLD', 'AUTOMOTIVE']",img_65_9.jpg
FITS IN A WHEELBARROW,"['PLASTIC', 'METAL']",img_66_0.jpg
CAR NEEDED,['CONSTRUCTION'],img_66_1.jpg
FITS IN A BAG,['HOUSEHOLD'],img_66_2.jpg
CAR NEEDED,['CONSTRUCTION'],img_66_3.jpg
CAR NEEDED,['CONSTRUCTION'],img_66_4.jpg
CLEANED,['CLEANED'],img_66_5.jpg
FITS IN A BAG,"['PLASTIC', 'ORGANIC', 'GLASS']",
CAR NEEDED,"['HOUSEHOLD', 'CONSTRUCTION']",img_66_7.jpg
CAR NEEDED,['CONSTRUCTION'],img_66_8.jpg
CAR NEEDED,['CONSTRUCTION'],img_66_9.jpg
CAR NEEDED,"['HOUSEHOLD', 'CONSTRUCTION']",img_67_0.jpg
FITS IN A WHEELBARROW,['ORGANIC'],img_67_1.jpg
CAR NEEDED,"['HOUSEHOLD', 'CONSTRUCTION']",img_67_2.jpg
FITS IN A WHEELBARROW,"['PLASTIC', 'HOUSEHOLD', 'AUTOMOTIVE', 'LIQUID', 'DANGEROUS', 'METAL', 'ELECTRONIC', 'ANIMAL CARCASS', 'ORGANIC', 'CONSTRUCTION', 'GLASS']",img_67_3.jpg
CAR NEEDED,"['PLASTIC', 'HOUSEHOLD']",img_67_4.jpg
CAR NEEDED,"['PLASTIC', 'HOUSEHOLD', 'CONSTRUCTION', 'GLASS']",img_67_5.jpg
CAR NEEDED,"['PLASTIC', 'HOUSEHOLD', 'ANIMAL CARCASS', 'ORGANIC', 'GLASS']",img_67_6.jpg
CAR NEEDED,['AUTOMOTIVE'],img_67_7.jpg
FITS IN A WHEELBARROW,"['PLASTIC', 'HOUSEHOLD', 'GLASS']",img_67_8.jpg
FITS IN A WHEELBARROW,"['PLASTIC', 'HOUSEHOLD', 'AUTOMOTIVE', 'METAL', 'CONSTRUCTION']",img_67_9.jpg
CAR NEEDED,"['PLASTIC', 'HOUSEHOLD', 'CONSTRUCTION']",img_68_0.jpg
FITS IN A BAG,"['PLASTIC', 'METAL']",img_68_1.jpg
FITS IN A WHEELBARROW,"['PLASTIC', 'HOUSEHOLD', 'METAL', 'CONSTRUCTION']",img_68_2.jpg
CAR NEEDED,"['PLASTIC', 'HOUSEHOLD', 'METAL']",img_68_3.jpg
CAR NEEDED,"['PLASTIC', 'HOUSEHOLD', 'METAL', 'ELECTRONIC', 'CONSTRUCTION', 'GLASS']",img_68_4.jpg
FITS IN A WHEELBARROW,['PLASTIC'],img_68_5.jpg
FITS IN A WHEELBARROW,['CONSTRUCTION'],img_68_6.jpg
FITS IN A BAG,"['PLASTIC', 'METAL']",img_68_7.jpg
FITS IN A WHEELBARROW,"['PLASTIC', 'HOUSEHOLD', 'METAL', 'GLASS']",img_69_0.jpg
CAR NEEDED,['CONSTRUCTION'],img_69_1.jpg
CAR NEEDED,['ORGANIC'],img_69_2.jpg
FITS IN A WHEELBARROW,['AUTOMOTIVE'],img_69_3.jpg
FITS IN A WHEELBARROW,['HOUSEHOLD'],img_69_4.jpg
CAR NEEDED,['HOUSEHOLD'],img_69_5.jpg
FITS IN A WHEELBARROW,"['PLASTIC', 'METAL']",img_69_6.jpg
FITS IN A BAG,"['PLASTIC', 'METAL']",img_69_7.jpg
FITS IN A BAG,"['PLASTIC', 'HOUSEHOLD']",img_69_8.jpg
CAR NEEDED,"['PLASTIC', 'HOUSEHOLD', 'LIQUID', 'DANGEROUS', 'METAL', 'ELECTRONIC', 'ORGANIC', 'GLASS']",img_69_9.jpg
FITS IN A WHEELBARROW,['PLASTIC'],img_70_0.jpg
CLEANED,['CLEANED'],img_70_1.jpg
CAR NEEDED,"['PLASTIC', 'CONSTRUCTION']",img_70_2.jpg
FITS IN A BAG,['PLASTIC'],img_70_3.jpg
CAR NEEDED,"['PLASTIC', 'CONSTRUCTION']",img_70_4.jpg
FITS IN A WHEELBARROW,"['PLASTIC', 'METAL']",img_70_5.jpg
CAR NEEDED,"['PLASTIC', 'HOUSEHOLD', 'METAL', 'CONSTRUCTION', 'GLASS']",img_70_6.jpg
CAR NEEDED,['CONSTRUCTION'],img_70_7.jpg
FITS IN A WHEELBARROW,"['PLASTIC', 'METAL']",img_70_8.jpg
CAR NEEDED,['CONSTRUCTION'],img_70_9.jpg
CLEANED,['CLEANED'],img_71_0.jpg
FITS IN A BAG,"['PLASTIC', 'METAL']",img_71_1.jpg
CAR NEEDED,"['PLASTIC', 'HOUSEHOLD', 'AUTOMOTIVE', 'LIQUID', 'DANGEROUS', 'METAL', 'ELECTRONIC', 'ORGANIC', 'CONSTRUCTION', 'GLASS']",img_71_2.jpg
FITS IN A BAG,"['PLASTIC', 'METAL']",img_71_3.jpg
CAR NEEDED,"['PLASTIC', 'HOUSEHOLD', 'AUTOMOTIVE', 'LIQUID', 'DANGEROUS', 'METAL', 'ELECTRONIC', 'ORGANIC', 'CONSTRUCTION', 'GLASS']",img_71_4.jpg
CAR NEEDED,"['PLASTIC', 'HOUSEHOLD', 'AUTOMOTIVE', 'LIQUID', 'DANGEROUS', 'METAL', 'ELECTRONIC', 'ORGANIC', 'CONSTRUCTION', 'GLASS']",img_71_5.jpg
CAR NEEDED,"['PLASTIC', 'HOUSEHOLD', 'AUTOMOTIVE', 'METAL', 'ORGANIC', 'CONSTRUCTION', 'GLASS']",img_71_6.jpg
CLEANED,['CLEANED'],img_71_7.jpg
FITS IN A BAG,"['PLASTIC', 'ORGANIC', 'GLASS']",img_71_8.jpg
CAR NEEDED,['HOUSEHOLD'],img_71_9.jpg
CAR NEEDED,"['PLASTIC', 'HOUSEHOLD', 'ORGANIC', 'CONSTRUCTION', 'GLASS']",img_72_0.jpg
FITS IN A WHEELBARROW,"['HOUSEHOLD', 'ELECTRONIC']",img_72_1.jpg
CAR NEEDED,['HOUSEHOLD'],img_72_2.jpg
CAR NEEDED,['CONSTRUCTION'],img_72_3.jpg
CLEANED,['CLEANED'],img_72_4.jpg
CLEANED,['CLEANED'],img_72_5.jpg
CLEANED,['CLEANED'],img_72_6.jpg
CLEANED,['CLEANED'],img_72_7.jpg
CLEANED,['CLEANED'],img_72_8.jpg
CAR NEEDED,"['PLASTIC', 'HOUSEHOLD', 'METAL', 'CONSTRUCTION', 'GLASS']",img_72_9.jpg
FITS IN A WHEELBARROW,"['PLASTIC', 'METAL', 'GLASS']",img_73_0.jpg
CAR NEEDED,"['PLASTIC', 'HOUSEHOLD', 'AUTOMOTIVE', 'ELECTRONIC']",img_73_1.jpg
CAR NEEDED,"['PLASTIC', 'HOUSEHOLD', 'AUTOMOTIVE', 'CONSTRUCTION', 'GLASS']",img_73_2.jpg
FITS IN A BAG,"['PLASTIC', 'METAL', 'GLASS']",img_73_3.jpg
CAR NEEDED,"['PLASTIC', 'HOUSEHOLD', 'METAL', 'ELECTRONIC', 'ORGANIC', 'CONSTRUCTION', 'GLASS']",img_73_4.jpg
CLEANED,['CLEANED'],img_73_5.jpg
CAR NEEDED,['CONSTRUCTION'],img_73_6.jpg
CAR NEEDED,"['PLASTIC', 'HOUSEHOLD', 'AUTOMOTIVE', 'METAL', 'CONSTRUCTION', 'GLASS']",img_73_7.jpg
CAR NEEDED,['ORGANIC'],img_73_8.jpg
FITS IN A WHEELBARROW,"['PLASTIC', 'HOUSEHOLD', 'METAL', 'CONSTRUCTION', 'GLASS']",img_73_9.jpg
CAR NEEDED,"['PLASTIC', 'HOUSEHOLD', 'AUTOMOTIVE', 'GLASS']",img_74_0.jpg
CAR NEEDED,['METAL'],img_74_1.jpg
CAR NEEDED,"['PLASTIC', 'METAL']",img_74_2.jpg
FITS IN A WHEELBARROW,"['PLASTIC', 'HOUSEHOLD']",img_74_3.jpg
FITS IN A WHEELBARROW,"['PLASTIC', 'HOUSEHOLD', 'METAL', 'GLASS']",img_74_4.jpg
FITS IN A BAG,"['PLASTIC', 'HOUSEHOLD', 'METAL', 'GLASS']",img_74_5.jpg
FITS IN A WHEELBARROW,"['PLASTIC', 'HOUSEHOLD', 'METAL', 'GLASS']",img_74_6.jpg
CAR NEEDED,"['PLASTIC', 'HOUSEHOLD', 'AUTOMOTIVE', 'METAL', 'CONSTRUCTION', 'GLASS']",img_74_7.jpg
CAR NEEDED,"['PLASTIC', 'HOUSEHOLD', 'AUTOMOTIVE', 'METAL', 'CONSTRUCTION', 'GLASS']",img_74_8.jpg
FITS IN A BAG,"['PLASTIC', 'HOUSEHOLD', 'METAL']",img_75_0.jpg
FITS IN A WHEELBARROW,"['PLASTIC', 'HOUSEHOLD', 'CONSTRUCTION']",img_75_1.jpg
FITS IN A BAG,['HOUSEHOLD'],img_75_2.jpg
CAR NEEDED,"['ORGANIC', 'CONSTRUCTION']",img_75_3.jpg
FITS IN A WHEELBARROW,['ORGANIC'],img_75_4.jpg
CAR NEEDED,"['PLASTIC', 'HOUSEHOLD', 'AUTOMOTIVE', 'METAL', 'CONSTRUCTION', 'GLASS']",img_75_5.jpg
FITS IN A BAG,['PLASTIC'],img_75_6.jpg
CAR NEEDED,"['PLASTIC', 'HOUSEHOLD', 'AUTOMOTIVE']",img_75_7.jpg
FITS IN A BAG,['HOUSEHOLD'],img_75_8.jpg
FITS IN A WHEELBARROW,"['PLASTIC', 'HOUSEHOLD', 'METAL', 'ELECTRONIC']",img_75_9.jpg
FITS IN A BAG,['HOUSEHOLD'],img_76_0.jpg
CAR NEEDED,"['PLASTIC', 'CONSTRUCTION']",img_76_1.jpg
CAR NEEDED,"['PLASTIC', 'AUTOMOTIVE']",img_76_2.jpg
CAR NEEDED,"['PLASTIC', 'METAL', 'GLASS']",img_76_3.jpg
CAR NEEDED,['CONSTRUCTION'],img_76_4.jpg
CAR NEEDED,['CONSTRUCTION'],img_76_5.jpg
CAR NEEDED,"['PLASTIC', 'METAL', 'CONSTRUCTION', 'GLASS']",img_76_6.jpg
CAR NEEDED,"['HOUSEHOLD', 'METAL', 'CONSTRUCTION']",img_76_7.jpg
FITS IN A WHEELBARROW,['PLASTIC'],img_76_8.jpg
FITS IN A WHEELBARROW,"['PLASTIC', 'LIQUID', 'METAL', 'GLASS']",img_76_9.jpg
CAR NEEDED,"['PLASTIC', 'HOUSEHOLD', 'LIQUID', 'METAL', 'CONSTRUCTION', 'GLASS']",img_77_0.jpg
CAR NEEDED,"['HOUSEHOLD', 'AUTOMOTIVE', 'CONSTRUCTION']",img_77_1.jpg
FITS IN A BAG,['PLASTIC'],img_77_2.jpg
FITS IN A WHEELBARROW,"['PLASTIC', 'METAL', 'GLASS']",img_77_3.jpg
FITS IN A BAG,"['PLASTIC', 'GLASS']",img_77_4.jpg
CAR NEEDED,['CONSTRUCTION'],img_77_5.jpg
CAR NEEDED,['CONSTRUCTION'],img_77_6.jpg
FITS IN A WHEELBARROW,"['PLASTIC', 'HOUSEHOLD', 'GLASS']",img_77_7.jpg
CLEANED,['CLEANED'],img_77_8.jpg
FITS IN A BAG,['HOUSEHOLD'],img_77_9.jpg
CAR NEEDED,['CONSTRUCTION'],img_78_0.jpg
CAR NEEDED,"['PLASTIC', 'HOUSEHOLD', 'METAL', 'ORGANIC']",img_78_1.jpg
CAR NEEDED,['CONSTRUCTION'],img_78_2.jpg
CAR NEEDED,"['PLASTIC', 'HOUSEHOLD', 'ORGANIC', 'CONSTRUCTION']",img_78_3.jpg
CAR NEEDED,['CONSTRUCTION'],img_78_4.jpg
CAR NEEDED,['CONSTRUCTION'],img_78_5.jpg
CAR NEEDED,['CONSTRUCTION'],img_78_6.jpg
CAR NEEDED,['CONSTRUCTION'],img_78_7.jpg
FITS IN A WHEELBARROW,['CONSTRUCTION'],img_78_8.jpg
FITS IN A BAG,['PLASTIC'],img_78_9.jpg
CAR NEEDED,['CONSTRUCTION'],img_79_0.jpg
CAR NEEDED,['CONSTRUCTION'],img_79_1.jpg
CAR NEEDED,['CONSTRUCTION'],img_79_2.jpg
FITS IN A WHEELBARROW,"['PLASTIC', 'HOUSEHOLD', 'METAL', 'CONSTRUCTION']",img_79_3.jpg
FITS IN A WHEELBARROW,"['HOUSEHOLD', 'CONSTRUCTION', 'GLASS']",img_79_4.jpg
CAR NEEDED,"['PLASTIC', 'METAL', 'GLASS']",img_79_5.jpg
CAR NEEDED,"['PLASTIC', 'CONSTRUCTION']",img_79_6.jpg
CAR NEEDED,"['PLASTIC', 'CONSTRUCTION']",img_79_7.jpg
CAR NEEDED,['CONSTRUCTION'],img_79_8.jpg
CAR NEEDED,['CONSTRUCTION'],img_79_9.jpg
CAR NEEDED,"['PLASTIC', 'HOUSEHOLD', 'AUTOMOTIVE', 'METAL', 'ELECTRONIC', 'ANIMAL CARCASS', 'ORGANIC', 'CONSTRUCTION', 'GLASS']",img_80_0.jpg
CAR NEEDED,['CONSTRUCTION'],img_80_1.jpg
FITS IN A WHEELBARROW,"['PLASTIC', 'HOUSEHOLD', 'METAL']",img_80_2.jpg
CLEANED,['CLEANED'],img_80_3.jpg
CLEANED,['CLEANED'],img_80_4.jpg
CAR NEEDED,['HOUSEHOLD'],img_80_5.jpg
FITS IN A BAG,['CONSTRUCTION'],img_80_6.jpg
FITS IN A BAG,['HOUSEHOLD'],img_80_7.jpg
FITS IN A WHEELBARROW,"['PLASTIC', 'HOUSEHOLD', 'METAL', 'GLASS']",img_80_8.jpg
CAR NEEDED,['HOUSEHOLD'],img_80_9.jpg
CAR NEEDED,['CONSTRUCTION'],img_81_0.jpg
CAR NEEDED,"['PLASTIC', 'HOUSEHOLD', 'METAL', 'ORGANIC', 'CONSTRUCTION', 'GLASS']",img_81_1.jpg
CAR NEEDED,['AUTOMOTIVE'],img_81_2.jpg
CAR NEEDED,"['PLASTIC', 'HOUSEHOLD', 'AUTOMOTIVE']",img_81_3.jpg
CAR NEEDED,"['PLASTIC', 'HOUSEHOLD', 'METAL', 'ORGANIC', 'GLASS']",img_81_4.jpg
CAR NEEDED,"['PLASTIC', 'HOUSEHOLD', 'METAL', 'ORGANIC', 'CONSTRUCTION', 'GLASS']",img_81_5.jpg
CAR NEEDED,"['HOUSEHOLD', 'CONSTRUCTION']",img_81_6.jpg
CAR NEEDED,"['HOUSEHOLD', 'AUTOMOTIVE', 'CONSTRUCTION']",img_81_7.jpg
CLEANED,['CLEANED'],img_81_8.jpg
FITS IN A WHEELBARROW,"['PLASTIC', 'METAL', 'ANIMAL CARCASS', 'GLASS']",img_81_9.jpg
CAR NEEDED,"['PLASTIC', 'ORGANIC', 'GLASS']",img_82_0.jpg
CAR NEEDED,"['PLASTIC', 'HOUSEHOLD', 'AUTOMOTIVE', 'ORGANIC', 'CONSTRUCTION']",img_82_1.jpg
CAR NEEDED,['AUTOMOTIVE'],img_82_2.jpg
CAR NEEDED,"['ORGANIC', 'CONSTRUCTION']",img_82_3.jpg
CAR NEEDED,"['PLASTIC', 'HOUSEHOLD', 'AUTOMOTIVE', 'METAL', 'ORGANIC', 'GLASS']",img_82_4.jpg
FITS IN A BAG,"['PLASTIC', 'HOUSEHOLD', 'ORGANIC']",img_82_5.jpg
FITS IN A WHEELBARROW,"['PLASTIC', 'HOUSEHOLD', 'ORGANIC', 'GLASS']",img_82_6.jpg
CAR NEEDED,['CONSTRUCTION'],img_82_7.jpg
CAR NEEDED,['HOUSEHOLD'],img_82_8.jpg
FITS IN A WHEELBARROW,['CONSTRUCTION'],img_83_0.jpg
FITS IN A WHEELBARROW,['CONSTRUCTION'],img_83_1.jpg
FITS IN A WHEELBARROW,"['PLASTIC', 'ORGANIC']",img_83_2.jpg
CAR NEEDED,['ORGANIC'],img_83_3.jpg
FITS IN A BAG,"['PLASTIC', 'ORGANIC']",img_83_4.jpg
FITS IN A BAG,['PLASTIC'],img_83_5.jpg
FITS IN A WHEELBARROW,"['PLASTIC', 'ORGANIC']",img_83_6.jpg
FITS IN A BAG,"['PLASTIC', 'ORGANIC']",img_83_7.jpg
CAR NEEDED,"['PLASTIC', 'ORGANIC']",img_83_8.jpg
FITS IN A WHEELBARROW,['ORGANIC'],img_83_9.jpg
CAR NEEDED,"['PLASTIC', 'LIQUID']",img_84_0.jpg
FITS IN A WHEELBARROW,['PLASTIC'],img_84_1.jpg
FITS IN A WHEELBARROW,['PLASTIC'],img_84_2.jpg
FITS IN A WHEELBARROW,['PLASTIC'],img_84_3.jpg
FITS IN A BAG,"['PLASTIC', 'ORGANIC']",img_84_4.jpg
FITS IN A WHEELBARROW,"['PLASTIC', 'ORGANIC']",img_84_5.jpg
FITS IN A WHEELBARROW,['PLASTIC'],img_84_6.jpg
FITS IN A WHEELBARROW,"['PLASTIC', 'LIQUID']",img_84_7.jpg
CAR NEEDED,['CONSTRUCTION'],img_84_8.jpg
FITS IN A BAG,"['PLASTIC', 'HOUSEHOLD', 'CONSTRUCTION']",img_84_9.jpg
FITS IN A BAG,"['PLASTIC', 'HOUSEHOLD', 'METAL', 'CONSTRUCTION', 'GLASS']",img_85_0.jpg
FITS IN A WHEELBARROW,"['PLASTIC', 'HOUSEHOLD', 'METAL', 'CONSTRUCTION', 'GLASS']",img_85_1.jpg
CAR NEEDED,"['PLASTIC', 'HOUSEHOLD', 'AUTOMOTIVE', 'LIQUID', 'DANGEROUS', 'ELECTRONIC', 'CONSTRUCTION', 'GLASS']",img_85_2.jpg
CAR NEEDED,"['HOUSEHOLD', 'AUTOMOTIVE', 'LIQUID', 'DANGEROUS', 'METAL', 'ELECTRONIC', 'CONSTRUCTION']",img_85_3.jpg
CAR NEEDED,"['HOUSEHOLD', 'AUTOMOTIVE', 'LIQUID', 'DANGEROUS', 'METAL', 'ELECTRONIC', 'CONSTRUCTION', 'GLASS']",img_85_4.jpg
CAR NEEDED,['HOUSEHOLD'],img_85_5.jpg
CLEANED,['CLEANED'],img_85_6.jpg
CAR NEEDED,['CONSTRUCTION'],img_85_7.jpg
FITS IN A BAG,['HOUSEHOLD'],img_85_8.jpg
CAR NEEDED,['CONSTRUCTION'],img_85_9.jpg
CAR NEEDED,"['PLASTIC', 'HOUSEHOLD', 'LIQUID', 'DANGEROUS', 'METAL', 'ELECTRONIC', 'CONSTRUCTION', 'GLASS']",img_86_0.jpg
CLEANED,['CLEANED'],img_86_1.jpg
FITS IN A WHEELBARROW,"['PLASTIC', 'LIQUID', 'METAL', 'ORGANIC', 'CONSTRUCTION', 'GLASS']",img_86_2.jpg
CLEANED,['CLEANED'],img_86_3.jpg
CLEANED,['CLEANED'],img_86_4.jpg
FITS IN A WHEELBARROW,['AUTOMOTIVE'],img_86_5.jpg
CAR NEEDED,"['PLASTIC', 'METAL', 'GLASS']",img_86_6.jpg
CAR NEEDED,"['PLASTIC', 'HOUSEHOLD', 'ORGANIC', 'GLASS']",img_86_7.jpg
FITS IN A BAG,"['PLASTIC', 'METAL', 'GLASS']",img_86_8.jpg
CAR NEEDED,['CONSTRUCTION'],img_86_9.jpg
CAR NEEDED,"['PLASTIC', 'HOUSEHOLD', 'CONSTRUCTION']",img_87_0.jpg
FITS IN A WHEELBARROW,['AUTOMOTIVE'],img_87_1.jpg
CAR NEEDED,"['PLASTIC', 'HOUSEHOLD', 'AUTOMOTIVE', 'CONSTRUCTION', 'GLASS']",img_87_2.jpg
FITS IN A WHEELBARROW,"['PLASTIC', 'HOUSEHOLD', 'LIQUID', 'METAL', 'ORGANIC', 'GLASS']",img_87_3.jpg
FITS IN A WHEELBARROW,['PLASTIC'],img_87_4.jpg
FITS IN A WHEELBARROW,['METAL'],img_87_5.jpg
FITS IN A BAG,['HOUSEHOLD'],img_87_6.jpg
FITS IN A BAG,"['PLASTIC', 'METAL', 'GLASS']",img_87_7.jpg
CLEANED,['CLEANED'],img_87_8.jpg
FITS IN A BAG,"['PLASTIC', 'METAL', 'GLASS']",img_87_9.jpg
CAR NEEDED,['CONSTRUCTION'],img_88_0.jpg
CAR NEEDED,['CONSTRUCTION'],img_88_1.jpg
CAR NEEDED,"['PLASTIC', 'METAL', 'CONSTRUCTION', 'GLASS']",img_88_2.jpg
CAR NEEDED,['DANGEROUS'],img_88_3.jpg
FITS IN A WHEELBARROW,['DANGEROUS'],img_88_4.jpg
CAR NEEDED,"['PLASTIC', 'HOUSEHOLD', 'AUTOMOTIVE']",img_88_5.jpg
CAR NEEDED,"['PLASTIC', 'HOUSEHOLD', 'METAL']",img_88_6.jpg
FITS IN A WHEELBARROW,"['PLASTIC', 'HOUSEHOLD']",img_88_7.jpg
CAR NEEDED,"['DANGEROUS', 'CONSTRUCTION']",img_88_8.jpg
FITS IN A BAG,['GLASS'],img_88_9.jpg
CAR NEEDED,"['PLASTIC', 'METAL', 'CONSTRUCTION']",img_89_0.jpg
CAR NEEDED,"['PLASTIC', 'HOUSEHOLD']",img_89_1.jpg
FITS IN A WHEELBARROW,"['PLASTIC', 'HOUSEHOLD', 'ORGANIC']",img_89_2.jpg
CAR NEEDED,['PLASTIC'],img_89_3.jpg
FITS IN A WHEELBARROW,['PLASTIC'],img_89_4.jpg
CAR NEEDED,"['PLASTIC', 'HOUSEHOLD', 'CONSTRUCTION']",img_89_5.jpg
FITS IN A WHEELBARROW,['CONSTRUCTION'],img_89_6.jpg
CAR NEEDED,"['ORGANIC', 'CONSTRUCTION']",img_89_7.jpg
CAR NEEDED,"['PLASTIC', 'HOUSEHOLD', 'AUTOMOTIVE', 'METAL', 'ELECTRONIC', 'CONSTRUCTION', 'GLASS']",img_89_8.jpg
FITS IN A WHEELBARROW,"['HOUSEHOLD', 'AUTOMOTIVE', 'CONSTRUCTION']",img_89_9.jpg
CAR NEEDED,"['PLASTIC', 'HOUSEHOLD', 'METAL', 'ELECTRONIC', 'CONSTRUCTION']",img_90_0.jpg
FITS IN A WHEELBARROW,"['PLASTIC', 'HOUSEHOLD', 'METAL', 'GLASS']",img_90_1.jpg
FITS IN A WHEELBARROW,"['PLASTIC', 'AUTOMOTIVE', 'METAL', 'GLASS']",img_90_2.jpg
CAR NEEDED,"['PLASTIC', 'HOUSEHOLD', 'METAL', 'ANIMAL CARCASS', 'CONSTRUCTION']",img_90_3.jpg
CAR NEEDED,"['PLASTIC', 'HOUSEHOLD', 'ELECTRONIC']",img_90_4.jpg
CAR NEEDED,"['PLASTIC', 'HOUSEHOLD', 'METAL', 'CONSTRUCTION', 'GLASS']",img_90_5.jpg
CAR NEEDED,['HOUSEHOLD'],img_90_6.jpg
CAR NEEDED,"['PLASTIC', 'HOUSEHOLD']",img_90_7.jpg
FITS IN A BAG,['PLASTIC'],img_90_8.jpg
CAR NEEDED,['HOUSEHOLD'],img_90_9.jpg
CLEANED,['CLEANED'],img_91_0.jpg
CAR NEEDED,"['PLASTIC', 'CONSTRUCTION']",img_91_1.jpg
CAR NEEDED,"['PLASTIC', 'HOUSEHOLD', 'GLASS']",img_91_2.jpg
CAR NEEDED,"['PLASTIC', 'HOUSEHOLD', 'DANGEROUS', 'METAL', 'ELECTRONIC', 'ORGANIC', 'CONSTRUCTION', 'GLASS']",img_91_3.jpg
CAR NEEDED,['CONSTRUCTION'],img_91_4.jpg
CAR NEEDED,['CONSTRUCTION'],img_91_5.jpg
CAR NEEDED,"['PLASTIC', 'AUTOMOTIVE', 'METAL', 'ORGANIC']",img_91_6.jpg
CAR NEEDED,"['PLASTIC', 'HOUSEHOLD', 'CONSTRUCTION']",img_91_7.jpg
CAR NEEDED,"['HOUSEHOLD', 'METAL', 'CONSTRUCTION']",img_91_8.jpg
CAR NEEDED,"['PLASTIC', 'AUTOMOTIVE', 'METAL', 'ORGANIC', 'GLASS']",img_91_9.jpg
CLEANED,['CLEANED'],img_92_0.jpg
FITS IN A WHEELBARROW,"['HOUSEHOLD', 'CONSTRUCTION']",img_92_1.jpg
CAR NEEDED,"['PLASTIC', 'LIQUID', 'METAL', 'ORGANIC', 'CONSTRUCTION', 'GLASS']",img_92_2.jpg
FITS IN A WHEELBARROW,"['PLASTIC', 'HOUSEHOLD', 'METAL', 'GLASS']",img_92_3.jpg
CLEANED,['CLEANED'],img_92_4.jpg
CLEANED,['CLEANED'],img_92_5.jpg
FITS IN A WHEELBARROW,"['PLASTIC', 'ELECTRONIC']",img_92_6.jpg
FITS IN A BAG,['PLASTIC'],img_92_7.jpg
FITS IN A BAG,"['PLASTIC', 'HOUSEHOLD', 'DANGEROUS', 'GLASS']",img_92_8.jpg
FITS IN A WHEELBARROW,['HOUSEHOLD'],img_92_9.jpg
CLEANED,['CLEANED'],img_93_0.jpg
CAR NEEDED,"['PLASTIC', 'CONSTRUCTION']",img_93_1.jpg
CLEANED,['CLEANED'],img_93_2.jpg
CLEANED,['CLEANED'],img_93_3.jpg
CAR NEEDED,"['PLASTIC', 'HOUSEHOLD', 'METAL', 'ORGANIC', 'GLASS']",img_93_4.jpg
CAR NEEDED,"['PLASTIC', 'HOUSEHOLD', 'METAL']",img_93_5.jpg
CAR NEEDED,"['PLASTIC', 'HOUSEHOLD', 'METAL']",img_93_6.jpg
CAR NEEDED,"['HOUSEHOLD', 'CONSTRUCTION']",img_93_7.jpg
FITS IN A WHEELBARROW,['PLASTIC'],img_93_8.jpg
CAR NEEDED,"['PLASTIC', 'HOUSEHOLD', 'AUTOMOTIVE']",img_93_9.jpg
CAR NEEDED,['CONSTRUCTION'],img_94_0.jpg
CAR NEEDED,['HOUSEHOLD'],img_94_1.jpg
FITS IN A WHEELBARROW,['LIQUID'],img_94_2.jpg
CAR NEEDED,"['PLASTIC', 'GLASS']",img_94_3.jpg
CAR NEEDED,"['HOUSEHOLD', 'CONSTRUCTION']",img_94_4.jpg
CAR NEEDED,"['PLASTIC', 'HOUSEHOLD', 'AUTOMOTIVE', 'LIQUID', 'METAL', 'ELECTRONIC', 'ORGANIC', 'CONSTRUCTION', 'GLASS']",img_94_5.jpg
FITS IN A WHEELBARROW,"['PLASTIC', 'HOUSEHOLD', 'METAL']",img_94_6.jpg
CAR NEEDED,"['HOUSEHOLD', 'CONSTRUCTION']",img_94_7.jpg
CAR NEEDED,['PLASTIC'],img_94_8.jpg
FITS IN A BAG,['HOUSEHOLD'],img_94_9.jpg
CLEANED,['CLEANED'],img_95_0.jpg
CAR NEEDED,"['PLASTIC', 'HOUSEHOLD', 'CONSTRUCTION', 'GLASS']",img_95_1.jpg
CLEANED,['CLEANED'],img_95_2.jpg
CAR NEEDED,"['PLASTIC', 'HOUSEHOLD', 'CONSTRUCTION']",img_95_3.jpg
CAR NEEDED,"['PLASTIC', 'METAL', 'CONSTRUCTION', 'GLASS']",img_95_4.jpg
CAR NEEDED,"['HOUSEHOLD', 'ELECTRONIC', 'CONSTRUCTION']",img_95_5.jpg
CLEANED,['CLEANED'],img_95_6.jpg
CAR NEEDED,"['PLASTIC', 'HOUSEHOLD', 'AUTOMOTIVE', 'METAL', 'CONSTRUCTION']",img_95_7.jpg
FITS IN A WHEELBARROW,"['HOUSEHOLD', 'ORGANIC', 'CONSTRUCTION']",img_95_8.jpg
CAR NEEDED,"['PLASTIC', 'HOUSEHOLD', 'AUTOMOTIVE', 'METAL', 'CONSTRUCTION']",img_95_9.jpg
FITS IN A WHEELBARROW,"['PLASTIC', 'HOUSEHOLD', 'METAL']",img_96_0.jpg
CAR NEEDED,"['PLASTIC', 'CONSTRUCTION']",img_96_1.jpg
FITS IN A WHEELBARROW,"['PLASTIC', 'HOUSEHOLD']",img_96_2.jpg
FITS IN A WHEELBARROW,"['PLASTIC', 'HOUSEHOLD', 'METAL']",img_96_3.jpg
CAR NEEDED,"['PLASTIC', 'METAL', 'CONSTRUCTION']",img_96_4.jpg
FITS IN A BAG,['PLASTIC'],img_96_5.jpg
FITS IN A BAG,"['PLASTIC', 'METAL']",img_96_6.jpg
CAR NEEDED,"['PLASTIC', 'HOUSEHOLD', 'AUTOMOTIVE', 'CONSTRUCTION']",img_96_7.jpg
FITS IN A BAG,['HOUSEHOLD'],img_96_8.jpg
FITS IN A WHEELBARROW,"['PLASTIC', 'HOUSEHOLD']",img_96_9.jpg
CAR NEEDED,"['PLASTIC', 'HOUSEHOLD', 'METAL', 'ORGANIC', 'CONSTRUCTION']",img_97_0.jpg
CAR NEEDED,"['PLASTIC', 'HOUSEHOLD', 'METAL', 'CONSTRUCTION', 'GLASS']",img_97_1.jpg
FITS IN A WHEELBARROW,"['PLASTIC', 'METAL', 'ORGANIC', 'GLASS']",img_97_2.jpg
FITS IN A BAG,"['PLASTIC', 'METAL']",img_97_3.jpg
FITS IN A WHEELBARROW,"['PLASTIC', 'HOUSEHOLD', 'METAL']",img_97_4.jpg
FITS IN A WHEELBARROW,"['PLASTIC', 'HOUSEHOLD', 'AUTOMOTIVE', 'METAL', 'ORGANIC', 'CONSTRUCTION', 'GLASS']",img_97_5.jpg
FITS IN A WHEELBARROW,"['PLASTIC', 'HOUSEHOLD', 'METAL', 'GLASS']",img_97_6.jpg
CLEANED,['CLEANED'],img_97_7.jpg
CAR NEEDED,['ORGANIC'],img_97_8.jpg
CAR NEEDED,['CONSTRUCTION'],img_97_9.jpg
CAR NEEDED,"['ORGANIC', 'CONSTRUCTION']",img_98_0.jpg
CAR NEEDED,['CONSTRUCTION'],img_98_1.jpg
CAR NEEDED,"['ORGANIC', 'CONSTRUCTION']",img_98_2.jpg
CAR NEEDED,['CONSTRUCTION'],img_98_3.jpg
CAR NEEDED,"['HOUSEHOLD', 'AUTOMOTIVE', 'CONSTRUCTION']",img_98_4.jpg
CAR NEEDED,"['PLASTIC', 'HOUSEHOLD', 'METAL']",img_98_5.jpg
CAR NEEDED,['CONSTRUCTION'],img_98_6.jpg
CAR NEEDED,['AUTOMOTIVE'],img_98_7.jpg
CAR NEEDED,['HOUSEHOLD'],img_98_8.jpg
CAR NEEDED,['CONSTRUCTION'],img_98_9.jpg
CAR NEEDED,['CONSTRUCTION'],img_99_0.jpg
FITS IN A WHEELBARROW,"['PLASTIC', 'HOUSEHOLD', 'AUTOMOTIVE', 'METAL', 'ORGANIC']",img_99_1.jpg
FITS IN A BAG,['PLASTIC'],img_99_2.jpg
FITS IN A WHEELBARROW,"['PLASTIC', 'HOUSEHOLD', 'METAL', 'ORGANIC']",img_99_3.jpg
CAR NEEDED,['HOUSEHOLD'],img_99_4.jpg
CAR NEEDED,['HOUSEHOLD'],img_99_5.jpg
CAR NEEDED,"['PLASTIC', 'HOUSEHOLD', 'ELECTRONIC', 'ORGANIC']",img_99_6.jpg
CAR NEEDED,['HOUSEHOLD'],img_99_7.jpg
CAR NEEDED,['HOUSEHOLD'],img_99_8.jpg
CAR NEEDED,"['PLASTIC', 'HOUSEHOLD', 'METAL', 'GLASS']",img_99_9.jpg
CAR NEEDED,['CONSTRUCTION'],img_100_0.jpg
FITS IN A WHEELBARROW,['HOUSEHOLD'],img_100_1.jpg
CAR NEEDED,['HOUSEHOLD'],img_100_2.jpg
FITS IN A WHEELBARROW,"['PLASTIC', 'METAL', 'GLASS']",img_100_3.jpg
FITS IN A WHEELBARROW,"['HOUSEHOLD', 'METAL']",img_100_4.jpg
CAR NEEDED,['HOUSEHOLD'],img_100_5.jpg
FITS IN A BAG,"['HOUSEHOLD', 'METAL']",img_100_6.jpg
FITS IN A BAG,"['PLASTIC', 'HOUSEHOLD', 'METAL', 'GLASS']",img_100_7.jpg
CAR NEEDED,"['PLASTIC', 'HOUSEHOLD', 'METAL', 'GLASS']",img_100_8.jpg
FITS IN A BAG,['PLASTIC'],img_100_9.jpg
FITS IN A BAG,['PLASTIC'],img_101_0.jpg
CAR NEEDED,"['PLASTIC', 'HOUSEHOLD', 'METAL', 'ORGANIC', 'CONSTRUCTION']",img_101_1.jpg
CAR NEEDED,"['PLASTIC', 'HOUSEHOLD', 'METAL', 'CONSTRUCTION', 'GLASS']",img_101_2.jpg
FITS IN A WHEELBARROW,"['PLASTIC', 'HOUSEHOLD', 'METAL']",img_101_3.jpg
CAR NEEDED,['CONSTRUCTION'],img_101_4.jpg
CLEANED,['CLEANED'],img_101_5.jpg
FITS IN A BAG,"['PLASTIC', 'HOUSEHOLD', 'METAL', 'ORGANIC']",img_101_6.jpg
FITS IN A BAG,"['PLASTIC', 'HOUSEHOLD', 'METAL', 'ORGANIC']",img_101_7.jpg
CAR NEEDED,"['HOUSEHOLD', 'AUTOMOTIVE', 'ORGANIC', 'CONSTRUCTION']",img_101_8.jpg
FITS IN A WHEELBARROW,"['PLASTIC', 'METAL', 'GLASS']",img_101_9.jpg
CAR NEEDED,"['HOUSEHOLD', 'CONSTRUCTION']",img_102_0.jpg
FITS IN A BAG,['HOUSEHOLD'],img_102_1.jpg
CAR NEEDED,"['PLASTIC', 'HOUSEHOLD', 'CONSTRUCTION']",img_102_2.jpg
CAR NEEDED,"['PLASTIC', 'AUTOMOTIVE', 'METAL']",img_102_3.jpg
FITS IN A WHEELBARROW,"['PLASTIC', 'HOUSEHOLD']",img_102_4.jpg
FITS IN A WHEELBARROW,"['METAL', 'CONSTRUCTION']",img_102_5.jpg
CAR NEEDED,"['PLASTIC', 'HOUSEHOLD', 'AUTOMOTIVE', 'METAL', 'ELECTRONIC', 'CONSTRUCTION']",img_102_6.jpg
FITS IN A WHEELBARROW,['HOUSEHOLD'],img_102_7.jpg
CAR NEEDED,"['HOUSEHOLD', 'AUTOMOTIVE', 'CONSTRUCTION']",img_102_8.jpg
CAR NEEDED,"['HOUSEHOLD', 'CONSTRUCTION']",img_102_9.jpg
CAR NEEDED,"['HOUSEHOLD', 'CONSTRUCTION']",img_103_0.jpg
CAR NEEDED,['CONSTRUCTION'],img_103_1.jpg
CAR NEEDED,['CONSTRUCTION'],img_103_2.jpg
CAR NEEDED,['CONSTRUCTION'],img_103_3.jpg
CAR NEEDED,['CONSTRUCTION'],img_103_4.jpg
CAR NEEDED,"['PLASTIC', 'METAL', 'GLASS']",img_103_5.jpg
CAR NEEDED,"['HOUSEHOLD', 'CONSTRUCTION']",img_103_6.jpg
CAR NEEDED,['AUTOMOTIVE'],img_103_7.jpg
CLEANED,['CLEANED'],img_103_8.jpg
FITS IN A WHEELBARROW,['CONSTRUCTION'],img_103_9.jpg
CAR NEEDED,['CONSTRUCTION'],img_104_0.jpg
CAR NEEDED,['CONSTRUCTION'],img_104_1.jpg
CAR NEEDED,['ORGANIC'],img_104_2.jpg
CAR NEEDED,"['PLASTIC', 'HOUSEHOLD', 'ORGANIC', 'GLASS']",img_104_3.jpg
FITS IN A WHEELBARROW,['AUTOMOTIVE'],img_104_4.jpg
FITS IN A BAG,"['PLASTIC', 'HOUSEHOLD']",img_104_5.jpg
FITS IN A WHEELBARROW,"['PLASTIC', 'CONSTRUCTION']",img_104_6.jpg
FITS IN A WHEELBARROW,"['PLASTIC', 'LIQUID', 'METAL', 'ANIMAL CARCASS', 'ORGANIC', 'GLASS']",img_104_7.jpg
FITS IN A WHEELBARROW,"['PLASTIC', 'DANGEROUS', 'ANIMAL CARCASS', 'ORGANIC']",img_104_8.jpg
FITS IN A BAG,"['PLASTIC', 'LIQUID']",img_104_9.jpg
FITS IN A WHEELBARROW,"['PLASTIC', 'HOUSEHOLD', 'METAL', 'ANIMAL CARCASS', 'ORGANIC']",img_105_0.jpg
FITS IN A WHEELBARROW,"['PLASTIC', 'ANIMAL CARCASS', 'ORGANIC', 'GLASS']",img_105_1.jpg
CAR NEEDED,['CONSTRUCTION'],img_105_2.jpg
FITS IN A BAG,['PLASTIC'],img_105_3.jpg
CAR NEEDED,['HOUSEHOLD'],img_105_4.jpg
CLEANED,['CLEANED'],img_105_5.jpg
FITS IN A BAG,"['PLASTIC', 'LIQUID', 'ANIMAL CARCASS']",img_105_6.jpg
FITS IN A BAG,"['PLASTIC', 'ORGANIC']",img_105_7.jpg
CAR NEEDED,"['PLASTIC', 'METAL', 'GLASS']",img_105_8.jpg
CAR NEEDED,"['HOUSEHOLD', 'AUTOMOTIVE']",img_105_9.jpg
FITS IN A BAG,['HOUSEHOLD'],img_106_0.jpg
CAR NEEDED,['AUTOMOTIVE'],img_106_1.jpg
CLEANED,['CLEANED'],img_106_2.jpg
CAR NEEDED,['AUTOMOTIVE'],img_106_3.jpg
FITS IN A BAG,"['PLASTIC', 'HOUSEHOLD', 'METAL', 'GLASS']",img_106_4.jpg
FITS IN A BAG,"['PLASTIC', 'HOUSEHOLD', 'GLASS']",img_106_5.jpg
FITS IN A WHEELBARROW,"['PLASTIC', 'HOUSEHOLD', 'METAL', 'GLASS']",img_106_6.jpg
CAR NEEDED,"['PLASTIC', 'HOUSEHOLD', 'CONSTRUCTION']",img_107_0.jpg
FITS IN A WHEELBARROW,['HOUSEHOLD'],img_107_1.jpg
CAR NEEDED,['CONSTRUCTION'],img_107_2.jpg
CAR NEEDED,"['HOUSEHOLD', 'CONSTRUCTION']",img_107_3.jpg
CAR NEEDED,"['PLASTIC', 'HOUSEHOLD', 'AUTOMOTIVE', 'METAL', 'CONSTRUCTION', 'GLASS']",img_107_4.jpg
CAR NEEDED,['CONSTRUCTION'],img_107_5.jpg
CAR NEEDED,['CONSTRUCTION'],img_107_6.jpg
CAR NEEDED,"['HOUSEHOLD', 'AUTOMOTIVE', 'CONSTRUCTION']",img_107_7.jpg
CAR NEEDED,['CONSTRUCTION'],img_107_8.jpg
FITS IN A BAG,"['PLASTIC', 'HOUSEHOLD']",img_107_9.jpg
FITS IN A BAG,['HOUSEHOLD'],img_108_0.jpg
FITS IN A BAG,"['PLASTIC', 'ORGANIC']",img_108_1.jpg
CAR NEEDED,['CONSTRUCTION'],img_108_2.jpg
CAR NEEDED,['CONSTRUCTION'],img_108_3.jpg
FITS IN A WHEELBARROW,"['PLASTIC', 'ANIMAL CARCASS', 'ORGANIC']",img_108_4.jpg
FITS IN A BAG,['HOUSEHOLD'],img_108_5.jpg
FITS IN A BAG,['PLASTIC'],img_108_6.jpg
FITS IN A BAG,['HOUSEHOLD'],img_108_7.jpg
FITS IN A BAG,"['HOUSEHOLD', 'ORGANIC']",img_108_8.jpg
FITS IN A BAG,['HOUSEHOLD'],img_108_9.jpg
FITS IN A BAG,['HOUSEHOLD'],img_109_0.jpg
FITS IN A BAG,['HOUSEHOLD'],img_109_1.jpg
CAR NEEDED,"['METAL', 'ORGANIC']",img_109_2.jpg
FITS IN A BAG,"['PLASTIC', 'HOUSEHOLD', 'GLASS']",img_109_3.jpg
CAR NEEDED,['CONSTRUCTION'],img_109_4.jpg
FITS IN A WHEELBARROW,['CONSTRUCTION'],img_109_5.jpg
FITS IN A WHEELBARROW,['ORGANIC'],img_109_6.jpg
FITS IN A WHEELBARROW,['ORGANIC'],img_109_7.jpg
FITS IN A WHEELBARROW,['CONSTRUCTION'],img_109_8.jpg
CAR NEEDED,['CONSTRUCTION'],img_109_9.jpg
CLEANED,['CLEANED'],img_110_0.jpg
CLEANED,['CLEANED'],img_110_1.jpg
FITS IN A BAG,"['PLASTIC', 'HOUSEHOLD', 'LIQUID', 'METAL', 'ANIMAL CARCASS']",img_110_2.jpg
CAR NEEDED,['CONSTRUCTION'],img_110_3.jpg
CAR NEEDED,"['HOUSEHOLD', 'AUTOMOTIVE', 'METAL', 'ELECTRONIC', 'CONSTRUCTION', 'GLASS']",img_110_4.jpg
CLEANED,['CLEANED'],img_110_5.jpg
CAR NEEDED,['AUTOMOTIVE'],img_110_6.jpg
CAR NEEDED,"['PLASTIC', 'HOUSEHOLD', 'METAL', 'ELECTRONIC', 'CONSTRUCTION']",img_110_7.jpg
CAR NEEDED,['AUTOMOTIVE'],img_110_8.jpg
FITS IN A WHEELBARROW,"['PLASTIC', 'METAL', 'GLASS']",img_110_9.jpg
FITS IN A BAG,['HOUSEHOLD'],img_111_0.jpg
CAR NEEDED,"['PLASTIC', 'LIQUID', 'DANGEROUS', 'METAL', 'CONSTRUCTION', 'GLASS']",img_111_1.jpg
FITS IN A WHEELBARROW,['PLASTIC'],img_111_2.jpg
CAR NEEDED,"['PLASTIC', 'HOUSEHOLD', 'DANGEROUS', 'CONSTRUCTION', 'GLASS']",img_111_3.jpg
CAR NEEDED,"['PLASTIC', 'HOUSEHOLD', 'LIQUID', 'METAL', 'ORGANIC', 'CONSTRUCTION']",img_111_4.jpg
FITS IN A BAG,['GLASS'],img_111_5.jpg
CAR NEEDED,"['PLASTIC', 'HOUSEHOLD', 'CONSTRUCTION']",img_111_6.jpg
CAR NEEDED,"['PLASTIC', 'METAL', 'ANIMAL CARCASS', 'GLASS']",img_111_7.jpg
CAR NEEDED,"['PLASTIC', 'HOUSEHOLD', 'GLASS']",img_111_8.jpg
CAR NEEDED,['PLASTIC'],img_111_9.jpg
FITS IN A BAG,"['HOUSEHOLD', 'ORGANIC']",img_112_0.jpg
FITS IN A BAG,"['HOUSEHOLD', 'ORGANIC']",img_112_1.jpg
CAR NEEDED,"['HOUSEHOLD', 'CONSTRUCTION']",img_112_2.jpg
CAR NEEDED,['CONSTRUCTION'],img_112_3.jpg
FITS IN A WHEELBARROW,"['PLASTIC', 'HOUSEHOLD', 'GLASS']",img_112_4.jpg
FITS IN A BAG,['PLASTIC'],img_112_5.jpg
CAR NEEDED,"['HOUSEHOLD', 'CONSTRUCTION']",img_112_6.jpg
FITS IN A BAG,"['PLASTIC', 'HOUSEHOLD']",img_112_7.jpg
CAR NEEDED,"['PLASTIC', 'HOUSEHOLD', 'AUTOMOTIVE', 'METAL', 'ELECTRONIC', 'ORGANIC', 'CONSTRUCTION', 'GLASS']",img_112_8.jpg
CAR NEEDED,['ORGANIC'],img_112_9.jpg
CAR NEEDED,['ORGANIC'],img_113_0.jpg
CAR NEEDED,"['PLASTIC', 'HOUSEHOLD', 'AUTOMOTIVE', 'ELECTRONIC', 'ORGANIC', 'CONSTRUCTION']",img_113_1.jpg
CLEANED,['CLEANED'],img_113_2.jpg
CAR NEEDED,"['HOUSEHOLD', 'AUTOMOTIVE', 'LIQUID', 'DANGEROUS', 'ELECTRONIC', 'ORGANIC', 'CONSTRUCTION']",img_113_3.jpg
CLEANED,['CLEANED'],img_113_4.jpg
CLEANED,['CLEANED'],img_113_5.jpg
FITS IN A WHEELBARROW,"['PLASTIC', 'HOUSEHOLD']",img_113_6.jpg
FITS IN A BAG,"['HOUSEHOLD', 'ORGANIC']",img_113_7.jpg
FITS IN A BAG,['HOUSEHOLD'],img_113_8.jpg
FITS IN A BAG,"['HOUSEHOLD', 'ORGANIC']",img_113_9.jpg
CAR NEEDED,"['PLASTIC', 'HOUSEHOLD', 'METAL', 'CONSTRUCTION', 'GLASS']",img_114_0.jpg
CAR NEEDED,"['PLASTIC', 'HOUSEHOLD', 'METAL', 'ELECTRONIC', 'CONSTRUCTION', 'GLASS']",img_114_1.jpg
CAR NEEDED,"['HOUSEHOLD', 'AUTOMOTIVE', 'METAL', 'ELECTRONIC', 'CONSTRUCTION']",img_114_2.jpg
CAR NEEDED,"['PLASTIC', 'AUTOMOTIVE', 'METAL', 'ELECTRONIC', 'ORGANIC', 'CONSTRUCTION']",img_114_3.jpg
CAR NEEDED,['HOUSEHOLD'],
CAR NEEDED,"['PLASTIC', 'HOUSEHOLD', 'ORGANIC', 'CONSTRUCTION']",img_114_5.jpg
FITS IN A WHEELBARROW,"['PLASTIC', 'HOUSEHOLD', 'METAL', 'GLASS']",img_114_6.jpg
FITS IN A BAG,"['PLASTIC', 'HOUSEHOLD', 'METAL', 'GLASS']",img_114_7.jpg
CAR NEEDED,['CONSTRUCTION'],img_114_8.jpg
CAR NEEDED,['CONSTRUCTION'],img_114_9.jpg
CAR NEEDED,"['PLASTIC', 'AUTOMOTIVE', 'CONSTRUCTION', 'GLASS']",img_115_0.jpg
FITS IN A WHEELBARROW,"['PLASTIC', 'HOUSEHOLD']",img_115_1.jpg
FITS IN A WHEELBARROW,"['PLASTIC', 'LIQUID', 'DANGEROUS', 'METAL', 'GLASS']",img_115_2.jpg
FITS IN A BAG,['HOUSEHOLD'],img_115_3.jpg
FITS IN A BAG,['PLASTIC'],img_115_4.jpg
FITS IN A BAG,"['PLASTIC', 'HOUSEHOLD', 'CONSTRUCTION', 'GLASS']",img_115_5.jpg
CAR NEEDED,"['PLASTIC', 'METAL', 'CONSTRUCTION', 'GLASS']",img_115_6.jpg
CAR NEEDED,['AUTOMOTIVE'],img_115_7.jpg
CAR NEEDED,"['PLASTIC', 'HOUSEHOLD', 'METAL', 'ORGANIC']",img_115_8.jpg
FITS IN A WHEELBARROW,"['PLASTIC', 'HOUSEHOLD', 'METAL', 'GLASS']",img_115_9.jpg
CAR NEEDED,"['ELECTRONIC', 'CONSTRUCTION', 'GLASS']",img_116_0.jpg
CAR NEEDED,"['PLASTIC', 'HOUSEHOLD', 'METAL', 'CONSTRUCTION']",img_116_1.jpg
CAR NEEDED,"['PLASTIC', 'HOUSEHOLD', 'AUTOMOTIVE']",img_116_2.jpg
FITS IN A WHEELBARROW,"['PLASTIC', 'METAL', 'CONSTRUCTION']",img_116_3.jpg
FITS IN A BAG,"['PLASTIC', 'METAL', 'ORGANIC']",img_116_4.jpg
CAR NEEDED,"['HOUSEHOLD', 'CONSTRUCTION']",img_116_5.jpg
FITS IN A WHEELBARROW,"['PLASTIC', 'HOUSEHOLD', 'METAL', 'GLASS']",img_116_6.jpg
CLEANED,['CLEANED'],img_116_7.jpg
CAR NEEDED,"['PLASTIC', 'HOUSEHOLD', 'METAL', 'ORGANIC', 'CONSTRUCTION']",img_116_8.jpg
CAR NEEDED,"['PLASTIC', 'AUTOMOTIVE', 'METAL', 'CONSTRUCTION']",img_116_9.jpg
CAR NEEDED,"['PLASTIC', 'HOUSEHOLD', 'CONSTRUCTION']",img_117_0.jpg
CAR NEEDED,['HOUSEHOLD'],img_117_1.jpg
CAR NEEDED,['HOUSEHOLD'],img_117_2.jpg
CAR NEEDED,"['PLASTIC', 'AUTOMOTIVE', 'METAL', 'CONSTRUCTION']",img_117_3.jpg
CLEANED,['CLEANED'],img_117_4.jpg
CAR NEEDED,['CONSTRUCTION'],img_117_5.jpg
CAR NEEDED,"['PLASTIC', 'HOUSEHOLD', 'METAL']",img_117_6.jpg
CAR NEEDED,"['HOUSEHOLD', 'CONSTRUCTION']",img_117_7.jpg
FITS IN A WHEELBARROW,"['PLASTIC', 'METAL', 'GLASS']",img_117_8.jpg
CAR NEEDED,"['PLASTIC', 'HOUSEHOLD', 'ORGANIC', 'CONSTRUCTION']",img_117_9.jpg
CAR NEEDED,"['PLASTIC', 'HOUSEHOLD', 'METAL', 'ORGANIC', 'GLASS']",img_118_0.jpg
CAR NEEDED,['HOUSEHOLD'],img_118_1.jpg
CAR NEEDED,"['HOUSEHOLD', 'ORGANIC']",img_118_2.jpg
CAR NEEDED,['HOUSEHOLD'],img_118_3.jpg
FITS IN A WHEELBARROW,['METAL'],img_118_4.jpg
FITS IN A WHEELBARROW,"['PLASTIC', 'HOUSEHOLD', 'METAL', 'ELECTRONIC', 'CONSTRUCTION']",img_118_5.jpg
CLEANED,['CLEANED'],img_118_6.jpg
CAR NEEDED,"['PLASTIC', 'METAL', 'ELECTRONIC', 'ORGANIC', 'CONSTRUCTION']",img_118_7.jpg
CAR NEEDED,['HOUSEHOLD'],img_118_8.jpg
CAR NEEDED,"['AUTOMOTIVE', 'CONSTRUCTION']",img_118_9.jpg
CAR NEEDED,['CONSTRUCTION'],img_119_0.jpg
CAR NEEDED,['CONSTRUCTION'],img_119_1.jpg
CAR NEEDED,"['HOUSEHOLD', 'CONSTRUCTION']",img_119_2.jpg
CAR NEEDED,"['HOUSEHOLD', 'CONSTRUCTION']",img_119_3.jpg
CAR NEEDED,"['HOUSEHOLD', 'CONSTRUCTION']",img_119_4.jpg
CAR NEEDED,['CONSTRUCTION'],img_119_5.jpg
CAR NEEDED,['AUTOMOTIVE'],img_119_6.jpg
CAR NEEDED,"['HOUSEHOLD', 'CONSTRUCTION']",img_119_7.jpg
CAR NEEDED,['CONSTRUCTION'],img_119_8.jpg
CAR NEEDED,['CONSTRUCTION'],img_119_9.jpg
CAR NEEDED,['CONSTRUCTION'],img_120_0.jpg
CAR NEEDED,['CONSTRUCTION'],img_120_1.jpg
FITS IN A WHEELBARROW,['CONSTRUCTION'],img_120_2.jpg
FITS IN A WHEELBARROW,['CONSTRUCTION'],img_120_3.jpg
FITS IN A WHEELBARROW,['CONSTRUCTION'],img_120_4.jpg
CAR NEEDED,['CONSTRUCTION'],img_120_5.jpg
CAR NEEDED,"['PLASTIC', 'AUTOMOTIVE', 'METAL', 'ELECTRONIC', 'CONSTRUCTION', 'GLASS']",img_120_6.jpg
CAR NEEDED,['CONSTRUCTION'],img_120_7.jpg
CAR NEEDED,['CONSTRUCTION'],img_120_8.jpg
CAR NEEDED,['CONSTRUCTION'],img_120_9.jpg
CAR NEEDED,"['PLASTIC', 'AUTOMOTIVE', 'LIQUID', 'DANGEROUS', 'METAL', 'ELECTRONIC', 'CONSTRUCTION', 'GLASS']",img_121_0.jpg
CAR NEEDED,['CONSTRUCTION'],img_121_1.jpg
CAR NEEDED,['CONSTRUCTION'],img_121_2.jpg
CAR NEEDED,['CONSTRUCTION'],img_121_3.jpg
CAR NEEDED,['CONSTRUCTION'],img_121_4.jpg
CAR NEEDED,['CONSTRUCTION'],img_121_5.jpg
CAR NEEDED,['CONSTRUCTION'],img_121_6.jpg
CAR NEEDED,"['PLASTIC', 'METAL', 'CONSTRUCTION']",img_121_7.jpg
CAR NEEDED,"['HOUSEHOLD', 'AUTOMOTIVE']",img_121_8.jpg
CAR NEEDED,"['PLASTIC', 'HOUSEHOLD', 'GLASS']",img_121_9.jpg
FITS IN A WHEELBARROW,['PLASTIC'],img_122_0.jpg
CAR NEEDED,['HOUSEHOLD'],
CAR NEEDED,"['PLASTIC', 'METAL', 'GLASS']",img_122_2.jpg
CAR NEEDED,"['PLASTIC', 'AUTOMOTIVE', 'LIQUID', 'METAL', 'ORGANIC', 'GLASS']",img_122_3.jpg
CLEANED,['CLEANED'],img_122_4.jpg
FITS IN A BAG,"['PLASTIC', 'HOUSEHOLD', 'LIQUID', 'ANIMAL CARCASS', 'ORGANIC', 'GLASS']",img_122_5.jpg
CAR NEEDED,['DANGEROUS'],img_122_6.jpg
CLEANED,['CLEANED'],img_122_7.jpg
CLEANED,['CLEANED'],img_122_8.jpg
CLEANED,['CLEANED'],img_122_9.jpg
CLEANED,['CLEANED'],img_123_0.jpg
FITS IN A BAG,"['PLASTIC', 'HOUSEHOLD', 'ORGANIC']",img_123_1.jpg
CLEANED,['CLEANED'],img_123_2.jpg
CLEANED,['CLEANED'],img_123_3.jpg
FITS IN A BAG,"['PLASTIC', 'HOUSEHOLD', 'GLASS']",img_123_4.jpg
CLEANED,['CLEANED'],img_123_5.jpg
CAR NEEDED,"['PLASTIC', 'HOUSEHOLD']",img_123_6.jpg
FITS IN A WHEELBARROW,"['PLASTIC', 'HOUSEHOLD', 'METAL', 'ORGANIC', 'GLASS']",img_123_7.jpg
FITS IN A BAG,['METAL'],img_123_8.jpg
FITS IN A WHEELBARROW,['AUTOMOTIVE'],img_123_9.jpg
FITS IN A WHEELBARROW,"['PLASTIC', 'HOUSEHOLD', 'METAL', 'ANIMAL CARCASS', 'CONSTRUCTION']",img_124_0.jpg
CAR NEEDED,"['PLASTIC', 'HOUSEHOLD', 'METAL', 'CONSTRUCTION']",img_124_1.jpg
CAR NEEDED,['HOUSEHOLD'],img_124_2.jpg
CAR NEEDED,"['PLASTIC', 'HOUSEHOLD', 'METAL', 'CONSTRUCTION']",img_124_3.jpg
CAR NEEDED,['HOUSEHOLD'],img_124_4.jpg
CAR NEEDED,"['PLASTIC', 'HOUSEHOLD', 'METAL', 'CONSTRUCTION', 'GLASS']",img_124_5.jpg
CAR NEEDED,"['HOUSEHOLD', 'CONSTRUCTION']",img_124_6.jpg
CLEANED,['CLEANED'],img_124_7.jpg
CAR NEEDED,"['PLASTIC', 'HOUSEHOLD', 'GLASS']",img_124_8.jpg
FITS IN A WHEELBARROW,"['HOUSEHOLD', 'CONSTRUCTION', 'GLASS']",img_124_9.jpg
CAR NEEDED,['HOUSEHOLD'],img_125_0.jpg
CAR NEEDED,"['PLASTIC', 'HOUSEHOLD', 'DANGEROUS', 'METAL', 'GLASS']",img_125_1.jpg
CAR NEEDED,"['PLASTIC', 'METAL', 'CONSTRUCTION']",img_125_2.jpg
CAR NEEDED,"['PLASTIC', 'METAL', 'CONSTRUCTION']",img_125_3.jpg
CAR NEEDED,"['PLASTIC', 'HOUSEHOLD', 'ORGANIC', 'CONSTRUCTION']",img_125_4.jpg
CAR NEEDED,"['PLASTIC', 'HOUSEHOLD', 'AUTOMOTIVE', 'METAL', 'ELECTRONIC', 'ANIMAL CARCASS', 'ORGANIC', 'CONSTRUCTION', 'GLASS']",img_125_5.jpg
CAR NEEDED,"['HOUSEHOLD', 'CONSTRUCTION']",img_125_6.jpg
CAR NEEDED,"['PLASTIC', 'HOUSEHOLD', 'METAL', 'ORGANIC', 'CONSTRUCTION', 'GLASS']",img_125_7.jpg
FITS IN A WHEELBARROW,['HOUSEHOLD'],img_125_8.jpg
CAR NEEDED,"['PLASTIC', 'HOUSEHOLD', 'AUTOMOTIVE']",img_125_9.jpg
CAR NEEDED,"['PLASTIC', 'HOUSEHOLD', 'AUTOMOTIVE', 'METAL', 'ELECTRONIC', 'GLASS']",img_126_0.jpg
CAR NEEDED,"['PLASTIC', 'HOUSEHOLD', 'METAL', 'ELECTRONIC', 'ORGANIC', 'CONSTRUCTION', 'GLASS']",img_126_1.jpg
CAR NEEDED,"['PLASTIC', 'HOUSEHOLD', 'METAL', 'ELECTRONIC', 'ORGANIC', 'GLASS']",img_126_2.jpg
CAR NEEDED,"['PLASTIC', 'HOUSEHOLD', 'AUTOMOTIVE', 'DANGEROUS', 'METAL', 'ELECTRONIC', 'ANIMAL CARCASS', 'ORGANIC', 'CONSTRUCTION', 'GLASS']",img_126_3.jpg
CAR NEEDED,['CONSTRUCTION'],img_126_4.jpg
CAR NEEDED,"['AUTOMOTIVE', 'METAL']",img_126_5.jpg
CAR NEEDED,['AUTOMOTIVE'],img_126_6.jpg
CAR NEEDED,"['PLASTIC', 'HOUSEHOLD', 'AUTOMOTIVE', 'METAL', 'ELECTRONIC', 'ORGANIC', 'CONSTRUCTION', 'GLASS']",img_126_7.jpg
FITS IN A WHEELBARROW,['CONSTRUCTION'],img_126_8.jpg
FITS IN A WHEELBARROW,"['PLASTIC', 'HOUSEHOLD', 'ORGANIC']",img_126_9.jpg
FITS IN A WHEELBARROW,"['PLASTIC', 'HOUSEHOLD', 'ORGANIC']",img_127_0.jpg
FITS IN A WHEELBARROW,"['PLASTIC', 'HOUSEHOLD', 'AUTOMOTIVE', 'LIQUID', 'ANIMAL CARCASS', 'ORGANIC', 'CONSTRUCTION']",img_127_1.jpg
CAR NEEDED,"['PLASTIC', 'HOUSEHOLD', 'METAL', 'CONSTRUCTION', 'GLASS']",img_127_2.jpg
CAR NEEDED,"['PLASTIC', 'AUTOMOTIVE', 'ORGANIC', 'CONSTRUCTION', 'GLASS']",img_127_3.jpg
CAR NEEDED,"['PLASTIC', 'HOUSEHOLD', 'METAL', 'ORGANIC']",img_127_4.jpg
FITS IN A WHEELBARROW,"['PLASTIC', 'HOUSEHOLD', 'ELECTRONIC', 'CONSTRUCTION']",img_127_5.jpg
CAR NEEDED,"['PLASTIC', 'HOUSEHOLD', 'AUTOMOTIVE', 'METAL', 'CONSTRUCTION', 'GLASS']",img_127_6.jpg
CAR NEEDED,"['PLASTIC', 'HOUSEHOLD', 'METAL', 'ORGANIC', 'CONSTRUCTION', 'GLASS']",
FITS IN A WHEELBARROW,"['PLASTIC', 'HOUSEHOLD', 'LIQUID', 'METAL', 'ORGANIC', 'GLASS']",img_127_8.jpg
CAR NEEDED,"['PLASTIC', 'HOUSEHOLD', 'AUTOMOTIVE', 'LIQUID', 'METAL', 'ELECTRONIC', 'ORGANIC', 'CONSTRUCTION', 'GLASS']",img_127_9.jpg
FITS IN A WHEELBARROW,"['PLASTIC', 'HOUSEHOLD', 'METAL', 'ELECTRONIC', 'CONSTRUCTION', 'GLASS']",img_128_0.jpg
FITS IN A WHEELBARROW,"['PLASTIC', 'HOUSEHOLD', 'ELECTRONIC', 'ORGANIC', 'CONSTRUCTION']",img_128_1.jpg
FITS IN A WHEELBARROW,"['METAL', 'CONSTRUCTION']",img_128_2.jpg
CAR NEEDED,"['PLASTIC', 'HOUSEHOLD', 'AUTOMOTIVE', 'LIQUID', 'METAL', 'ELECTRONIC', 'ANIMAL CARCASS', 'ORGANIC', 'CONSTRUCTION']",img_128_3.jpg
CAR NEEDED,"['PLASTIC', 'ORGANIC']",img_128_4.jpg
CAR NEEDED,"['PLASTIC', 'HOUSEHOLD', 'METAL', 'ORGANIC', 'GLASS']",img_128_5.jpg
FITS IN A WHEELBARROW,"['PLASTIC', 'HOUSEHOLD', 'LIQUID', 'ANIMAL CARCASS', 'ORGANIC', 'CONSTRUCTION', 'GLASS']",img_128_6.jpg
FITS IN A BAG,"['PLASTIC', 'HOUSEHOLD']",img_128_7.jpg
CAR NEEDED,['PLASTIC'],img_128_8.jpg
CAR NEEDED,"['PLASTIC', 'HOUSEHOLD', 'METAL', 'GLASS']",img_128_9.jpg
CAR NEEDED,"['PLASTIC', 'HOUSEHOLD', 'METAL', 'ORGANIC', 'CONSTRUCTION', 'GLASS']",img_129_0.jpg
CAR NEEDED,"['PLASTIC', 'HOUSEHOLD', 'METAL', 'ELECTRONIC', 'ORGANIC', 'CONSTRUCTION', 'GLASS']",img_129_1.jpg
CAR NEEDED,['CONSTRUCTION'],img_129_2.jpg
CAR NEEDED,"['PLASTIC', 'HOUSEHOLD', 'LIQUID', 'METAL', 'ORGANIC', 'CONSTRUCTION', 'GLASS']",img_129_3.jpg
FITS IN A WHEELBARROW,"['CONSTRUCTION', 'GLASS']",img_129_4.jpg
CAR NEEDED,"['PLASTIC', 'HOUSEHOLD', 'AUTOMOTIVE', 'LIQUID', 'METAL', 'ANIMAL CARCASS', 'ORGANIC', 'CONSTRUCTION', 'GLASS']",img_129_5.jpg
CAR NEEDED,"['PLASTIC', 'HOUSEHOLD', 'METAL', 'ANIMAL CARCASS', 'ORGANIC', 'CONSTRUCTION', 'GLASS']",img_129_6.jpg
CAR NEEDED,"['PLASTIC', 'HOUSEHOLD', 'AUTOMOTIVE', 'METAL', 'ELECTRONIC', 'ORGANIC', 'CONSTRUCTION', 'GLASS']",img_129_7.jpg
CAR NEEDED,"['PLASTIC', 'HOUSEHOLD', 'METAL', 'ORGANIC', 'GLASS']",img_129_8.jpg
CAR NEEDED,"['PLASTIC', 'HOUSEHOLD', 'METAL', 'ORGANIC', 'GLASS']",img_129_9.jpg
CLEANED,['CLEANED'],img_130_0.jpg
FITS IN A WHEELBARROW,"['PLASTIC', 'HOUSEHOLD', 'DANGEROUS', 'METAL', 'ORGANIC', 'GLASS']",img_130_1.jpg
FITS IN A WHEELBARROW,"['PLASTIC', 'HOUSEHOLD', 'ORGANIC', 'GLASS']",img_130_2.jpg
FITS IN A WHEELBARROW,"['PLASTIC', 'HOUSEHOLD', 'METAL', 'ORGANIC', 'GLASS']",img_130_3.jpg
FITS IN A WHEELBARROW,['AUTOMOTIVE'],img_130_4.jpg
FITS IN A BAG,"['PLASTIC', 'HOUSEHOLD', 'GLASS']",img_130_5.jpg
FITS IN A WHEELBARROW,"['PLASTIC', 'HOUSEHOLD', 'CONSTRUCTION', 'GLASS']",img_130_6.jpg
CAR NEEDED,"['PLASTIC', 'HOUSEHOLD', 'AUTOMOTIVE', 'LIQUID', 'METAL', 'ANIMAL CARCASS', 'ORGANIC', 'GLASS']",img_130_7.jpg
CAR NEEDED,"['PLASTIC', 'HOUSEHOLD', 'METAL', 'ORGANIC', 'GLASS']",img_130_8.jpg
CAR NEEDED,['CONSTRUCTION'],img_130_9.jpg
CAR NEEDED,"['PLASTIC', 'HOUSEHOLD', 'DANGEROUS', 'METAL', 'ELECTRONIC', 'GLASS']",img_131_0.jpg
FITS IN A WHEELBARROW,"['PLASTIC', 'HOUSEHOLD', 'METAL', 'ANIMAL CARCASS', 'ORGANIC', 'GLASS']",img_131_1.jpg
CAR NEEDED,"['PLASTIC', 'ORGANIC', 'GLASS']",img_131_2.jpg
FITS IN A BAG,"['PLASTIC', 'HOUSEHOLD']",img_131_3.jpg
FITS IN A BAG,['HOUSEHOLD'],img_131_4.jpg
CAR NEEDED,['CONSTRUCTION'],img_131_5.jpg
FITS IN A BAG,['PLASTIC'],img_131_6.jpg
CAR NEEDED,['CONSTRUCTION'],img_131_7.jpg
FITS IN A BAG,['PLASTIC'],img_131_8.jpg
CAR NEEDED,['HOUSEHOLD'],img_131_9.jpg
CLEANED,['CLEANED'],img_132_0.jpg
CAR NEEDED,"['HOUSEHOLD', 'AUTOMOTIVE', 'ELECTRONIC', 'ORGANIC', 'CONSTRUCTION']",img_132_1.jpg
CAR NEEDED,"['PLASTIC', 'HOUSEHOLD', 'AUTOMOTIVE', 'ELECTRONIC', 'CONSTRUCTION']",img_132_2.jpg
CAR NEEDED,"['AUTOMOTIVE', 'CONSTRUCTION']",img_132_3.jpg
CAR NEEDED,"['AUTOMOTIVE', 'CONSTRUCTION']",img_132_4.jpg
FITS IN A WHEELBARROW,['GLASS'],img_132_5.jpg
CAR NEEDED,['HOUSEHOLD'],img_132_6.jpg
CAR NEEDED,"['HOUSEHOLD', 'CONSTRUCTION']",img_132_7.jpg
CAR NEEDED,"['HOUSEHOLD', 'CONSTRUCTION']",img_132_8.jpg
FITS IN A BAG,['PLASTIC'],img_132_9.jpg
CAR NEEDED,"['PLASTIC', 'HOUSEHOLD', 'ORGANIC']",img_133_0.jpg
FITS IN A WHEELBARROW,"['PLASTIC', 'HOUSEHOLD', 'DANGEROUS', 'METAL', 'CONSTRUCTION', 'GLASS']",img_133_1.jpg
FITS IN A WHEELBARROW,"['PLASTIC', 'METAL', 'CONSTRUCTION']",img_133_2.jpg
CAR NEEDED,"['PLASTIC', 'METAL', 'CONSTRUCTION']",img_133_3.jpg
FITS IN A WHEELBARROW,"['PLASTIC', 'HOUSEHOLD', 'CONSTRUCTION', 'GLASS']",img_133_4.jpg
FITS IN A BAG,"['PLASTIC', 'HOUSEHOLD']",img_133_5.jpg
FITS IN A BAG,"['PLASTIC', 'HOUSEHOLD']",img_133_6.jpg
FITS IN A WHEELBARROW,['PLASTIC'],img_133_7.jpg
CAR NEEDED,"['PLASTIC', 'HOUSEHOLD', 'DANGEROUS', 'ORGANIC', 'CONSTRUCTION', 'GLASS']",img_133_8.jpg
CAR NEEDED,"['PLASTIC', 'HOUSEHOLD', 'AUTOMOTIVE', 'DANGEROUS', 'ELECTRONIC', 'ORGANIC', 'GLASS']",img_133_9.jpg
FITS IN A WHEELBARROW,"['PLASTIC', 'HOUSEHOLD', 'AUTOMOTIVE', 'ORGANIC', 'CONSTRUCTION', 'GLASS']",img_134_0.jpg
CLEANED,['CLEANED'],img_134_1.jpg
CAR NEEDED,"['PLASTIC', 'HOUSEHOLD', 'LIQUID', 'METAL', 'CONSTRUCTION', 'GLASS']",img_134_2.jpg
CAR NEEDED,"['PLASTIC', 'HOUSEHOLD', 'LIQUID', 'METAL', 'ELECTRONIC', 'ORGANIC', 'CONSTRUCTION']",img_134_3.jpg
FITS IN A WHEELBARROW,"['PLASTIC', 'HOUSEHOLD', 'METAL', 'GLASS']",img_134_4.jpg
CAR NEEDED,['PLASTIC'],img_134_5.jpg
FITS IN A WHEELBARROW,['AUTOMOTIVE'],img_134_6.jpg
CAR NEEDED,"['PLASTIC', 'HOUSEHOLD', 'LIQUID', 'CONSTRUCTION', 'GLASS']",img_134_7.jpg
CAR NEEDED,['CONSTRUCTION'],img_134_8.jpg
CAR NEEDED,['HOUSEHOLD'],img_134_9.jpg
FITS IN A BAG,"['PLASTIC', 'GLASS']",img_135_0.jpg
CAR NEEDED,"['PLASTIC', 'HOUSEHOLD', 'LIQUID', 'DANGEROUS', 'METAL', 'ELECTRONIC', 'ANIMAL CARCASS', 'ORGANIC', 'CONSTRUCTION', 'GLASS']",img_135_1.jpg
CAR NEEDED,"['PLASTIC', 'HOUSEHOLD', 'AUTOMOTIVE', 'LIQUID', 'METAL', 'ELECTRONIC', 'ANIMAL CARCASS', 'ORGANIC', 'CONSTRUCTION', 'GLASS']",img_135_2.jpg
CAR NEEDED,"['PLASTIC', 'HOUSEHOLD', 'AUTOMOTIVE', 'LIQUID', 'METAL', 'ELECTRONIC', 'ORGANIC', 'CONSTRUCTION', 'GLASS']",img_135_3.jpg
CAR NEEDED,"['PLASTIC', 'HOUSEHOLD', 'LIQUID', 'METAL', 'ANIMAL CARCASS', 'GLASS']",img_135_4.jpg
CAR NEEDED,"['PLASTIC', 'HOUSEHOLD', 'METAL', 'ANIMAL CARCASS', 'ORGANIC', 'CONSTRUCTION', 'GLASS']",img_135_5.jpg
CAR NEEDED,"['PLASTIC', 'AUTOMOTIVE', 'LIQUID', 'ORGANIC', 'CONSTRUCTION', 'GLASS']",img_135_6.jpg
CAR NEEDED,"['PLASTIC', 'METAL', 'ORGANIC', 'GLASS']",img_135_7.jpg
CAR NEEDED,"['PLASTIC', 'AUTOMOTIVE', 'ANIMAL CARCASS', 'ORGANIC']",img_135_8.jpg
CAR NEEDED,"['PLASTIC', 'GLASS']",img_135_9.jpg
FITS IN A WHEELBARROW,"['PLASTIC', 'HOUSEHOLD', 'GLASS']",img_136_0.jpg
FITS IN A BAG,"['PLASTIC', 'HOUSEHOLD', 'METAL']",img_136_1.jpg
CAR NEEDED,"['PLASTIC', 'HOUSEHOLD', 'METAL', 'ORGANIC', 'CONSTRUCTION', 'GLASS']",img_136_2.jpg
CAR NEEDED,"['PLASTIC', 'HOUSEHOLD', 'METAL', 'CONSTRUCTION']",img_136_3.jpg
CAR NEEDED,"['HOUSEHOLD', 'CONSTRUCTION']",img_136_4.jpg
CAR NEEDED,"['HOUSEHOLD', 'CONSTRUCTION']",img_136_5.jpg
CAR NEEDED,['CONSTRUCTION'],img_136_6.jpg
FITS IN A WHEELBARROW,"['PLASTIC', 'HOUSEHOLD', 'METAL']",img_136_7.jpg
FITS IN A WHEELBARROW,"['PLASTIC', 'HOUSEHOLD', 'GLASS']",img_136_8.jpg
FITS IN A WHEELBARROW,['PLASTIC'],img_136_9.jpg
FITS IN A BAG,['PLASTIC'],img_137_0.jpg
CAR NEEDED,['CONSTRUCTION'],img_137_1.jpg
CAR NEEDED,['CONSTRUCTION'],img_137_2.jpg
CAR NEEDED,"['HOUSEHOLD', 'CONSTRUCTION']",img_137_3.jpg
CAR NEEDED,['CONSTRUCTION'],img_137_4.jpg
CAR NEEDED,['HOUSEHOLD'],img_137_5.jpg
CAR NEEDED,"['PLASTIC', 'HOUSEHOLD']",img_137_6.jpg
FITS IN A WHEELBARROW,"['PLASTIC', 'HOUSEHOLD', 'ORGANIC']",img_137_7.jpg
CAR NEEDED,"['PLASTIC', 'ANIMAL CARCASS', 'ORGANIC']",img_137_8.jpg
CAR NEEDED,['CONSTRUCTION'],img_137_9.jpg
CAR NEEDED,"['AUTOMOTIVE', 'CONSTRUCTION']",img_138_0.jpg
CLEANED,['CLEANED'],img_138_1.jpg
CAR NEEDED,"['PLASTIC', 'METAL', 'CONSTRUCTION']",img_138_2.jpg
FITS IN A WHEELBARROW,['CONSTRUCTION'],img_138_3.jpg
CAR NEEDED,['CONSTRUCTION'],img_138_4.jpg
FITS IN A WHEELBARROW,"['PLASTIC', 'HOUSEHOLD', 'LIQUID', 'METAL', 'CONSTRUCTION', 'GLASS']",img_138_5.jpg
CLEANED,['CLEANED'],img_138_6.jpg
CAR NEEDED,['HOUSEHOLD'],img_138_7.jpg
CAR NEEDED,"['PLASTIC', 'HOUSEHOLD', 'METAL', 'CONSTRUCTION', 'GLASS']",img_138_8.jpg
CAR NEEDED,"['PLASTIC', 'HOUSEHOLD', 'AUTOMOTIVE', 'METAL', 'CONSTRUCTION']",img_138_9.jpg
CAR NEEDED,"['PLASTIC', 'METAL']",img_139_0.jpg
CAR NEEDED,"['PLASTIC', 'METAL', 'ORGANIC', 'CONSTRUCTION', 'GLASS']",img_139_1.jpg
CAR NEEDED,['CONSTRUCTION'],img_139_2.jpg
CAR NEEDED,"['PLASTIC', 'HOUSEHOLD', 'AUTOMOTIVE', 'METAL', 'ORGANIC', 'CONSTRUCTION', 'GLASS']",img_139_3.jpg
FITS IN A WHEELBARROW,"['HOUSEHOLD', 'AUTOMOTIVE', 'CONSTRUCTION']",img_139_4.jpg
FITS IN A WHEELBARROW,"['PLASTIC', 'METAL', 'ORGANIC', 'GLASS']",img_139_5.jpg
CLEANED,['CLEANED'],img_139_6.jpg
FITS IN A WHEELBARROW,"['PLASTIC', 'HOUSEHOLD', 'DANGEROUS']",img_139_7.jpg
FITS IN A WHEELBARROW,['ELECTRONIC'],img_139_8.jpg
FITS IN A WHEELBARROW,"['PLASTIC', 'METAL', 'GLASS']",img_139_9.jpg
FITS IN A BAG,['HOUSEHOLD'],img_140_0.jpg
CAR NEEDED,['HOUSEHOLD'],img_140_1.jpg
CAR NEEDED,"['PLASTIC', 'HOUSEHOLD', 'AUTOMOTIVE', 'CONSTRUCTION']",img_140_2.jpg
CAR NEEDED,['CONSTRUCTION'],img_140_3.jpg
CAR NEEDED,['CONSTRUCTION'],img_140_4.jpg
CAR NEEDED,"['PLASTIC', 'HOUSEHOLD', 'METAL', 'ELECTRONIC', 'ORGANIC', 'CONSTRUCTION', 'GLASS']",img_140_5.jpg
CAR NEEDED,"['PLASTIC', 'HOUSEHOLD', 'AUTOMOTIVE', 'METAL', 'ELECTRONIC', 'ANIMAL CARCASS', 'CONSTRUCTION', 'GLASS']",img_140_6.jpg
CAR NEEDED,['CONSTRUCTION'],img_140_7.jpg
CAR NEEDED,"['AUTOMOTIVE', 'CONSTRUCTION']",img_140_8.jpg
CAR NEEDED,"['PLASTIC', 'HOUSEHOLD']",img_140_9.jpg
FITS IN A WHEELBARROW,['CONSTRUCTION'],img_141_0.jpg
CAR NEEDED,"['PLASTIC', 'HOUSEHOLD', 'METAL', 'ANIMAL CARCASS', 'GLASS']",img_141_1.jpg
FITS IN A WHEELBARROW,"['PLASTIC', 'HOUSEHOLD', 'METAL', 'GLASS']",img_141_2.jpg
FITS IN A WHEELBARROW,"['PLASTIC', 'HOUSEHOLD', 'METAL', 'GLASS']",img_141_3.jpg
FITS IN A BAG,"['PLASTIC', 'HOUSEHOLD', 'METAL', 'GLASS']",img_141_4.jpg
CAR NEEDED,"['HOUSEHOLD', 'CONSTRUCTION']",img_141_5.jpg
CAR NEEDED,"['PLASTIC', 'HOUSEHOLD', 'METAL', 'CONSTRUCTION', 'GLASS']",img_141_6.jpg
CAR NEEDED,"['HOUSEHOLD', 'CONSTRUCTION']",img_141_7.jpg
FITS IN A BAG,"['PLASTIC', 'ORGANIC']",img_141_8.jpg
CAR NEEDED,"['PLASTIC', 'HOUSEHOLD', 'CONSTRUCTION']",img_141_9.jpg
CAR NEEDED,"['HOUSEHOLD', 'CONSTRUCTION']",img_142_0.jpg
CAR NEEDED,"['PLASTIC', 'HOUSEHOLD', 'METAL', 'CONSTRUCTION']",img_142_1.jpg
CAR NEEDED,"['PLASTIC', 'HOUSEHOLD', 'AUTOMOTIVE']",img_142_2.jpg
CAR NEEDED,"['PLASTIC', 'METAL', 'CONSTRUCTION']",img_142_3.jpg
FITS IN A WHEELBARROW,"['PLASTIC', 'HOUSEHOLD', 'ORGANIC']",img_142_4.jpg
CAR NEEDED,['CONSTRUCTION'],img_142_5.jpg
CAR NEEDED,['AUTOMOTIVE'],img_142_6.jpg
CAR NEEDED,"['PLASTIC', 'DANGEROUS']",img_142_7.jpg
FITS IN A WHEELBARROW,['AUTOMOTIVE'],img_142_8.jpg
FITS IN A WHEELBARROW,"['PLASTIC', 'HOUSEHOLD', 'METAL', 'CONSTRUCTION', 'GLASS']",img_142_9.jpg
FITS IN A WHEELBARROW,"['PLASTIC', 'AUTOMOTIVE']",img_143_0.jpg
FITS IN A WHEELBARROW,"['HOUSEHOLD', 'AUTOMOTIVE']",img_143_1.jpg
CAR NEEDED,"['LIQUID', 'DANGEROUS', 'METAL']",img_143_2.jpg
FITS IN A WHEELBARROW,"['HOUSEHOLD', 'CONSTRUCTION', 'GLASS']",img_143_3.jpg
FITS IN A WHEELBARROW,"['PLASTIC', 'HOUSEHOLD', 'ORGANIC']",img_143_4.jpg
CAR NEEDED,"['PLASTIC', 'AUTOMOTIVE', 'DANGEROUS', 'METAL', 'ELECTRONIC', 'CONSTRUCTION']",img_143_5.jpg
FITS IN A BAG,['ORGANIC'],img_143_6.jpg
CAR NEEDED,"['PLASTIC', 'HOUSEHOLD', 'METAL', 'ORGANIC', 'CONSTRUCTION', 'GLASS']",img_143_7.jpg
CAR NEEDED,"['PLASTIC', 'HOUSEHOLD', 'METAL', 'CONSTRUCTION', 'GLASS']",
FITS IN A WHEELBARROW,"['PLASTIC', 'HOUSEHOLD', 'ELECTRONIC']",img_143_9.jpg
CAR NEEDED,['HOUSEHOLD'],img_144_0.jpg
FITS IN A WHEELBARROW,"['PLASTIC', 'HOUSEHOLD']",img_144_1.jpg
CAR NEEDED,"['PLASTIC', 'HOUSEHOLD', 'CONSTRUCTION']",img_144_2.jpg
FITS IN A BAG,"['PLASTIC', 'HOUSEHOLD', 'METAL', 'GLASS']",img_144_3.jpg
CAR NEEDED,"['PLASTIC', 'HOUSEHOLD', 'METAL', 'ORGANIC', 'GLASS']",img_144_4.jpg
CAR NEEDED,"['PLASTIC', 'HOUSEHOLD', 'LIQUID', 'DANGEROUS', 'METAL', 'ELECTRONIC', 'CONSTRUCTION', 'GLASS']",img_144_5.jpg
CAR NEEDED,"['PLASTIC', 'HOUSEHOLD', 'METAL', 'GLASS']",img_144_6.jpg
CAR NEEDED,"['PLASTIC', 'HOUSEHOLD', 'DANGEROUS', 'METAL', 'CONSTRUCTION', 'GLASS']",img_144_7.jpg
CAR NEEDED,['CONSTRUCTION'],img_144_8.jpg
FITS IN A WHEELBARROW,"['HOUSEHOLD', 'CONSTRUCTION']",img_144_9.jpg
CAR NEEDED,"['PLASTIC', 'HOUSEHOLD', 'METAL', 'CONSTRUCTION', 'GLASS']",img_145_0.jpg
CAR NEEDED,"['PLASTIC', 'HOUSEHOLD', 'METAL', 'GLASS']",img_145_1.jpg
CAR NEEDED,"['PLASTIC', 'HOUSEHOLD', 'METAL', 'CONSTRUCTION', 'GLASS']",img_145_2.jpg
CAR NEEDED,"['HOUSEHOLD', 'AUTOMOTIVE']",img_145_3.jpg
CAR NEEDED,['CONSTRUCTION'],img_145_4.jpg
CAR NEEDED,"['PLASTIC', 'HOUSEHOLD', 'AUTOMOTIVE', 'ELECTRONIC', 'CONSTRUCTION']",img_145_5.jpg
FITS IN A WHEELBARROW,"['PLASTIC', 'METAL']",img_145_6.jpg
CAR NEEDED,['HOUSEHOLD'],
CAR NEEDED,"['PLASTIC', 'HOUSEHOLD', 'AUTOMOTIVE', 'CONSTRUCTION', 'GLASS']",img_145_8.jpg
CAR NEEDED,"['PLASTIC', 'HOUSEHOLD', 'CONSTRUCTION']",img_145_9.jpg
FITS IN A WHEELBARROW,['PLASTIC'],img_146_0.jpg
FITS IN A BAG,"['PLASTIC', 'METAL']",img_146_1.jpg
FITS IN A BAG,"['PLASTIC', 'METAL']",img_146_2.jpg
CLEANED,['CLEANED'],img_146_3.jpg
FITS IN A BAG,['HOUSEHOLD'],img_146_4.jpg
CAR NEEDED,"['PLASTIC', 'HOUSEHOLD', 'METAL', 'GLASS']",img_146_5.jpg
CAR NEEDED,"['PLASTIC', 'HOUSEHOLD', 'AUTOMOTIVE', 'METAL', 'ELECTRONIC', 'ANIMAL CARCASS', 'ORGANIC', 'CONSTRUCTION', 'GLASS']",img_146_6.jpg
CAR NEEDED,['AUTOMOTIVE'],img_146_7.jpg
FITS IN A WHEELBARROW,['HOUSEHOLD'],img_146_8.jpg
FITS IN A WHEELBARROW,"['PLASTIC', 'HOUSEHOLD', 'CONSTRUCTION', 'GLASS']",img_146_9.jpg
FITS IN A BAG,"['PLASTIC', 'METAL']",img_147_0.jpg
CAR NEEDED,"['PLASTIC', 'HOUSEHOLD', 'METAL', 'ANIMAL CARCASS', 'ORGANIC', 'GLASS']",img_147_1.jpg
CAR NEEDED,"['PLASTIC', 'HOUSEHOLD', 'METAL', 'ELECTRONIC', 'GLASS']",img_147_2.jpg
CAR NEEDED,"['DANGEROUS', 'CONSTRUCTION']",img_147_3.jpg
CAR NEEDED,"['HOUSEHOLD', 'CONSTRUCTION']",img_147_4.jpg
CAR NEEDED,"['PLASTIC', 'HOUSEHOLD', 'METAL', 'GLASS']",img_147_5.jpg
CAR NEEDED,['HOUSEHOLD'],img_147_6.jpg
FITS IN A BAG,['PLASTIC'],img_147_7.jpg
CAR NEEDED,"['PLASTIC', 'HOUSEHOLD', 'AUTOMOTIVE', 'ELECTRONIC', 'CONSTRUCTION', 'GLASS']",img_147_8.jpg
CAR NEEDED,"['PLASTIC', 'HOUSEHOLD', 'METAL', 'CONSTRUCTION', 'GLASS']",img_147_9.jpg
CAR NEEDED,['METAL'],img_148_0.jpg
CAR NEEDED,['METAL'],img_148_1.jpg
CAR NEEDED,['CONSTRUCTION'],img_148_2.jpg
FITS IN A WHEELBARROW,"['PLASTIC', 'HOUSEHOLD', 'METAL', 'ELECTRONIC', 'CONSTRUCTION', 'GLASS']",img_148_3.jpg
CAR NEEDED,['CONSTRUCTION'],img_148_4.jpg
FITS IN A WHEELBARROW,"['PLASTIC', 'HOUSEHOLD', 'AUTOMOTIVE', 'LIQUID', 'DANGEROUS', 'METAL', 'ELECTRONIC', 'ANIMAL CARCASS', 'ORGANIC', 'CONSTRUCTION', 'GLASS']",img_148_5.jpg
CAR NEEDED,"['PLASTIC', 'METAL', 'CONSTRUCTION', 'GLASS']",img_148_6.jpg
FITS IN A WHEELBARROW,"['PLASTIC', 'HOUSEHOLD', 'METAL', 'CONSTRUCTION', 'GLASS']",img_148_7.jpg
CAR NEEDED,['CONSTRUCTION'],img_148_8.jpg
CAR NEEDED,['CONSTRUCTION'],img_148_9.jpg
FITS IN A BAG,"['PLASTIC', 'HOUSEHOLD', 'METAL', 'ELECTRONIC', 'ORGANIC', 'CONSTRUCTION', 'GLASS']",img_149_0.jpg
CAR NEEDED,"['HOUSEHOLD', 'ORGANIC']",img_149_1.jpg
FITS IN A WHEELBARROW,"['HOUSEHOLD', 'CONSTRUCTION']",img_149_2.jpg
CAR NEEDED,['CONSTRUCTION'],img_149_3.jpg
CAR NEEDED,['CONSTRUCTION'],img_149_4.jpg
CAR NEEDED,['CONSTRUCTION'],img_149_5.jpg
CAR NEEDED,"['PLASTIC', 'HOUSEHOLD', 'CONSTRUCTION', 'GLASS']",img_149_6.jpg
CAR NEEDED,['CONSTRUCTION'],img_149_7.jpg
FITS IN A WHEELBARROW,"['PLASTIC', 'HOUSEHOLD', 'METAL', 'ORGANIC', 'CONSTRUCTION', 'GLASS']",img_149_9.jpg
